Workbook

Sheet Итог
E4: номер круга
C5: Номер мишени | E5: 1 | K5: 2 | Y5: 3 | AE5: 4 | AK5: 5 | AQ5: 6 | AW5: 7 | BG5: 8 | BM5: 9
E6: ЦР НАР 1 | G6: ЦР НАР 2 | I6: ЦР ОБЩ | K6: ЦР НАР 1 | M6: ЦР НАР 2 | O6: ЦР НАР 3 | Q6: ЦР НАР 4 | S6: ЦР НАР 5 | U6: ЦР НАР 6 | W6: ЦР ОБЩ | Y6: ЦР НАР 1 | AA6: ЦР НАР 2 | AC6: ЦР ОБЩ | AE6: ЦР НАР 1 | AG6: ЦР НАР 2 | AI6: ЦР ОБЩ | AK6: ЦР НАР 1 | AM6: ЦР НАР 2 | AO6: ЦР ОБЩ | AQ6: ЦР НАР 1 | AS6: ЦР НАР 2 | AU6: ЦР ОБЩ | AW6: ЦР НАР 1 | AY6: ЦР НАР 2 | BA6: ЦР НАР 3 | BC6: ЦР НАР 4 | BE6: ЦР ОБЩ | BG6: ЦР НАР 1 | BI6: ЦР НАР 2 | BK6: ЦР ОБЩ | BM6: ЦР НАР 1 | BO6: ЦР НАР 2 | BQ6: ЦР ОБЩ
C7: Координаты | E7: х | F7: z | G7: х | H7: z | I7: х | J7: z | K7: х | L7: z | M7: х | N7: z | O7: х | P7: z | Q7: х | R7: z | S7: х | T7: z | U7: х | V7: z | W7: х | X7: z | Y7: х | Z7: z | AA7: х | AB7: z | AC7: х | AD7: z | AE7: х | AF7: z | AG7: х | AH7: z | AI7: х | AJ7: z | AK7: х | AL7: z | AM7: х | AN7: z | AO7: х | AP7: z | AQ7: х | AR7: z | AS7: х | AT7: z | AU7: х | AV7: z | AW7: х | AX7: z | AY7: х | AZ7: z | BA7: х | BB7: z | BC7: х | BD7: z | BE7: х | BF7: z | BG7: х | BH7: z | BI7: х | BJ7: z | BK7: х | BL7: z | BM7: х | BN7: z | BO7: х | BP7: z | BQ7: х | BR7: z
C8: 243 | E8: ='243-1 '!I12 -> 82.838852 | F8: ='243-1 '!J12 -> -6.9653993 | G8: ='243-1 '!I38 -> 78.880306 | H8: ='243-1 '!J38 -> -116.91867 | I8: ='243-1 '!I4 -> 80.859579 | J8: ='243-1 '!J4 -> -61.942037 | K8: ='243-2'!I12 -> 56.136428 | L8: ='243-2'!J12 -> -72.515277 | M8: ='243-2'!I38 -> 36.312578 | N8: ='243-2'!J38 -> -27.177382 | W8: ='243-2'!I4 -> 46.224503 | X8: ='243-2'!J4 -> -49.846329 | Y8: ='243-3 '!I12 -> 79.181425 | Z8: ='243-3 '!J12 -> 101.31866 | AA8: ='243-3 '!I38 -> 56.343637 | AB8: ='243-3 '!J38 -> 48.153307 | AC8: ='243-3 '!I4 -> 67.762531 | AD8: ='243-3 '!J4 -> 74.735983 | AE8: ='243-4'!I12 -> 50.936895 | AF8: ='243-4'!J12 -> 14.803887 | AG8: ='243-4'!I38 -> 62.626482 | AH8: ='243-4'!J38 -> -81.011521 | AI8: ='243-4'!I4 -> 56.781688 | AJ8: ='243-4'!J4 -> -33.103817
C10: 242 | E10: ='242-1'!I12 -> -6.3901188 | F10: ='242-1'!J12 -> 101.17652 | I10: ='242-1'!I4 -> -6.3901188 | J10: ='242-1'!J4 -> 101.17652 | K10: ='242-2'!I12 -> 35.283843 | L10: ='242-2'!J12 -> -44.4854 | W10: ='242-2'!I4 -> 35.283843 | X10: ='242-2'!J4 -> -44.4854 | Y10: ='242-3'!$I$12 -> 31.623979 | Z10: ='242-3'!J12 -> -17.198034 | AA10: ='242-3'!$I$38 -> 55.259485 | AB10: ='242-3'!J38 -> -42.43549 | AC10: ='242-3'!$I$4 -> 43.441732 | AD10: ='242-3'!J4 -> -29.816762
C12: 241 | E12: ='241-1'!I12 -> 77.768861 | F12: ='241-1'!J12 -> -27.004946 | G12: ='241-1'!I38 -> 117.24127 | H12: ='241-1'!J38 -> 23.392764 | I12: ='241-1'!I4 -> 97.505065 | J12: ='241-1'!J4 -> -1.8060911 | K12: ='241-2__6 ракет'!I12 -> 170.78303 | L12: ='241-2__6 ракет'!J12 -> -21.532868 | M12: ='241-2__6 ракет'!I38 -> 106.54218 | N12: ='241-2__6 ракет'!J38 -> 23.722547 | O12: ='241-2__6 ракет'!I64 -> 58.132835 | P12: ='241-2__6 ракет'!J64 -> 25.599138 | Q12: ='241-2__6 ракет'!I90 -> 56.452577 | R12: ='241-2__6 ракет'!J90 -> 91.476286 | S12: ='241-2__6 ракет'!AI12 -> 36.772205 | T12: ='241-2__6 ракет'!AJ12 -> -120.81213 | U12: ='241-2__6 ракет'!AI38 -> 82.049096 | V12: ='241-2__6 ракет'!AJ38 -> -117.80354 | W12: ='241-2__6 ракет'!I4 -> 85.121986 | X12: ='241-2__6 ракет'!J4 -> -19.891763
C14: 240 | AQ14: ='240-6'!I12 -> 138.73912 | AR14: ='240-6'!J12 -> -11.244532 | AU14: ='240-6'!I4 -> 138.73912 | AV14: ='240-6'!J4 -> -11.244532 | AW14: ='240-7__4 ркеты'!$I$12 -> 116.14276 | AX14: ='240-7__4 ркеты'!$J$12 -> 19.205126 | AY14: ='240-7__4 ркеты'!$I$38 -> 67.287428 | AZ14: ='240-7__4 ркеты'!$J$38 -> 18.996543 | BA14: ='240-7__4 ркеты'!$I$64 -> 32.11137 | BB14: ='240-7__4 ркеты'!$J$64 -> -90.543462 | BC14: ='240-7__4 ркеты'!$I$90 -> 112.25361 | BD14: ='240-7__4 ркеты'!$J$90 -> -82.33211 | BE14: ='240-7__4 ркеты'!$I$4 -> 81.948793 | BF14: ='240-7__4 ркеты'!$J$4 -> -33.668476 | BG14: ='240-8'!I12 -> 144.1354 | BH14: ='240-8'!J12 -> -28.705682 | BK14: ='240-8'!I4 -> 144.1354 | BL14: ='240-8'!J4 -> -28.705682 | BM14: ='240-9'!$I$12 -> 187.28076 | BN14: ='240-9'!$J$12 -> 3.773773 | BO14: ='240-9'!$I$38 -> 125.60642 | BP14: ='240-9'!$J$38 -> -113.02771 | BQ14: ='240-9'!$I$4 -> 156.44359 | BR14: ='240-9'!$J$4 -> -54.62697
E79: расстояние между кругами по Х | H79: 200
D80: расстояние мжду линейками зет | H80: 500
C82: Номер мишени | E82: 1 | K82: 2 | Y82: 3 | AE82: 4 | AK82: 5 | AQ82: 6 | AW82: 7 | BG82: 8 | BM82: 9
E83: ЦР НАР 1 | G83: ЦР НАР 2 | I83: ЦР ОБЩ | K83: ЦР НАР 1 | M83: ЦР НАР 2 | O83: ЦР НАР 3 | Q83: ЦР НАР 4 | S83: ЦР НАР 5 | U83: ЦР НАР 6 | W83: ЦР ОБЩ | Y83: ЦР НАР 1 | AA83: ЦР НАР 2 | AC83: ЦР ОБЩ | AE83: ЦР НАР 1 | AG83: ЦР НАР 2 | AI83: ЦР ОБЩ | AK83: ЦР НАР 1 | AM83: ЦР НАР 2 | AO83: ЦР ОБЩ | AQ83: ЦР НАР 1 | AS83: ЦР НАР 2 | AU83: ЦР ОБЩ | AW83: ЦР НАР 1 | AY83: ЦР НАР 2 | BA83: ЦР НАР 3 | BC83: ЦР НАР 4 | BE83: ЦР ОБЩ | BG83: ЦР НАР 1 | BI83: ЦР НАР 2 | BK83: ЦР ОБЩ | BM83: ЦР НАР 1 | BO83: ЦР НАР 2 | BQ83: ЦР ОБЩ
C84: Координаты | E84: х | F84: z | G84: х | H84: z | I84: х | J84: z | K84: х | L84: z | M84: х | N84: z | O84: х | P84: z | Q84: х | R84: z | S84: х | T84: z | U84: х | V84: z | W84: х | X84: z | Y84: х | Z84: z | AA84: х | AB84: z | AC84: х | AD84: z | AE84: х | AF84: z | AG84: х | AH84: z | AI84: х | AJ84: z | AK84: х | AL84: z | AM84: х | AN84: z | AO84: х | AP84: z | AQ84: х | AR84: z | AS84: х | AT84: z | AU84: х | AV84: z | AW84: х | AX84: z | AY84: х | AZ84: z | BA84: х | BB84: z | BC84: х | BD84: z | BE84: х | BF84: z | BG84: х | BH84: z | BI84: х | BJ84: z | BK84: х | BL84: z | BM84: х | BN84: z | BO84: х | BP84: z | BQ84: х | BR84: z
C85: 243 | E85: =E8 -> 82.838852 | F85: =F8-$H$79*3 -> -606.9654 | G85: =G8 -> 78.880306 | H85: =H8-$H$79*3 -> -716.91867 | I85: =I8 -> 80.859579 | J85: =J8-$H$79*3 -> -661.94204 | K85: =K8 -> 56.136428 | L85: =L8-$H$79*2 -> -472.51528 | M85: =M8 -> 36.312578 | N85: =N8-$H$79*2 -> -427.17738 | W85: =W8 -> 46.224503 | X85: =X8-$H$79*2 -> -449.84633 | Y85: =Y8 -> 79.181425 | Z85: =Z8-$H$79 -> -98.681341 | AA85: =AA8 -> 56.343637 | AB85: =AB8-$H$79 -> -151.84669 | AC85: =AC8 -> 67.762531 | AD85: =AD8-$H$79 -> -125.26402 | AE85: =AE8 -> 50.936895 | AF85: =AF8 -> 14.803887 | AG85: =AG8 -> 62.626482 | AH85: =AH8 -> -81.011521 | AI85: =AI8 -> 56.781688 | AJ85: =AJ8 -> -33.103817
C87: 242 | E87: =E10+$H$80 -> 493.60988 | F87: =F10-$H$79*3 -> -498.82348 | I87: =I10-$H$80 -> -506.39012 | J87: =J10-$H$79*3 -> -498.82348 | K87: =K10+$H$80 -> 535.28384 | L87: =L10-$H$79*2 -> -444.4854 | W87: =W10+$H$80 -> 535.28384 | X87: =X10-$H$80 -> -544.4854 | Y87: =Y10+$H$80 -> 531.62398 | Z87: =Z10-$H$79 -> -217.19803 | AA87: =AA10+$H$80 -> 555.25949 | AB87: =AB10-$H$79 -> -242.43549 | AC87: =AC10+$H$80 -> 543.44173 | AD87: =AD10-$H$79 -> -229.81676
C89: 241 | E89: =E12+$H$80*2 -> 1077.7689 | F89: =F12-$H$79*3 -> -627.00495 | G89: =G12+$H$80*2 -> 1117.2413 | H89: =H12-$H$79*3 -> -576.60724 | I89: =I12+$H$80*2 -> 1097.5051 | J89: =J12-$H$79*3 -> -601.80609 | K89: =K12+$H$80*2 -> 1170.783 | L89: =L12-$H$79*2 -> -421.53287 | M89: =M12+$H$80*2 -> 1106.5422 | N89: =N12-$H$79*2 -> -376.27745 | O89: =O12+$H$80*2 -> 1058.1328 | P89: =P12-$H$79*2 -> -374.40086 | Q89: =Q12+$H$80*2 -> 1056.4526 | R89: =R12-$H$79*2 -> -308.52371 | S89: =S12+$H$80*2 -> 1036.7722 | T89: =T12-$H$79*2 -> -520.81213 | U89: =U12+$H$80*2 -> 1082.0491 | V89: =V12-$H$79*2 -> -517.80354 | W89: =W12+$H$80*2 -> 1085.122 | X89: =X12-$H$79*2 -> -419.89176
C91: 240 | AQ91: =AQ14+$H$80*3 -> 1638.7391 | AR91: =AR14+$H$79*2 -> 388.75547 | AU91: =AU14+$H$80*3 -> 1638.7391 | AV91: =AV14+$H$79*2 -> 388.75547 | AW91: =AW14+$H$80*3 -> 1616.1428 | AX91: =AX14+$H$79*3 -> 619.20513 | AY91: =AY14+$H$80*3 -> 1567.2874 | AZ91: =AZ14+$H$79*3 -> 618.99654 | BA91: =BA14+$H$80*3 -> 1532.1114 | BB91: =BB14+$H$79*3 -> 509.45654 | BC91: =BC14+$H$80*3 -> 1612.2536 | BD91: =BD14+$H$79*3 -> 517.66789 | BE91: =BE14+$H$80*3 -> 1581.9488 | BF91: =BF14+$H$79*3 -> 566.33152 | BG91: =BG14+$H$80*3 -> 1644.1354 | BH91: =BH14+$H$79*4 -> 771.29432 | BK91: =BK14+$H$80*3 -> 1644.1354 | BL91: =BL14+$H$79*4 -> 771.29432 | BM91: =BM14+$H$80*3 -> 1687.2808 | BN91: =BN14+$H$79*5 -> 1003.7738 | BO91: =BO14+$H$80*3 -> 1625.6064 | BP91: =BP14+$H$79*5 -> 886.97229 | BQ91: =BQ14+$H$80*3 -> 1656.4436 | BR91: =BR14+$H$79*5 -> 945.37303

Sheet условия пусков
B2: № захода | C2: Условия пусков | H2: Номер цели и результат | I2: Найдено НАР | J2: Результаты пусков | BX2: 240/8
C3: Канал | D3: Vпр | E3: Нпус | F3: Дпус | G3: Тангаж | J3: центр рассеивания КОБЭ НАР 1 | L3: центр рассеивания КОБЭ НАР 2 | N3: центр рассеивания НАР | BX3: Канал | BY3: Vпр | BZ3: Нпус | CA3: Дпус | CB3: центр рассеивания КОБЭ НАР 1 | CD3: центр рассеивания КОБЭ НАР 2 | CF3: центр рассеивания НАР
C4: ЦУ | D4: км/ч | E4: м | F4: м | G4: град | J4: х | K4: z | L4: х | M4: z | N4: x | O4: z | BX4: ЦУ | BY4: км/ч | BZ4: м | CA4: м | CB4: х | CC4: z | CD4: х | CE4: z | CF4: x | CG4: z
B5: 1 | C5: нвгц | D5: 203 | E5: 522 | F5: 3.1 | G5: 0 | H5: 242-1 | I5: 1
B6: 2 | C6: НВГЦ | D6: 193 | E6: 515 | F6: 3.4 | G6: 0 | H6: 242-2 | I6: 1 | J6: 82.84 | K6: -6.97 | L6: 78.88 | M6: -116.92 | N6: 80.86 | O6: -61.94 | BX6: ЦУ ОПС | BY6: 225 | BZ6: 300 | CA6: 4500 | CB6: =#REF! -> #REF! | CC6: =#REF! -> #REF!
B7: 3 | C7: НВГЦ | D7: 182 | E7: 469 | F7: 3.9 | G7: -13 | H7: 242-3 | J7: 51.73 | K7: -45.75 | L7: 43.79 | M7: -59.74 | N7: 47.76 | O7: -52.74
B9: 4 | C9: ОПС | D9: 194 | E9: 488 | F9: 3.2 | G9: -15 | H9: 242-4 | J9: 101.32 | K9: 79,18 | L9: 80.86 | M9: 48.15 | N9: 67.76 | O9: 74,74;
B11: 5 | C11: ОПС | D11: 217 | E11: 281 | F11: 4.2 | G11: -14 | H11: 243-1 | I11: 2
B13: 6 | C13: НВГЦ | D13: 202 | E13: 285 | F13: 4.1 | G13: -14 | H13: 243-2 | I13: 2
B15: 7 | C15: НВГЦ | D15: 202 | E15: 270 | F15: 4.2 | G15: -13 | H15: 243-3 | I15: 2
B17: 8 | C17: НВГЦ | D17: 196 | E17: 278 | F17: 4.2 | G17: -15 | H17: 243-1
B19: 9 | C19: НВГЦ | D19: 164 | E19: 322 | F19: 5.2 | G19: -19 | H19: 243-4 | I19: 2
B21: 10 | C21: НВГЦ | D21: 185 | E21: 309 | F21: 5 | G21: -17 | H21: 240-6 | I21: 1
B23: 11 | C23: ОПС | D23: 175 | E23: 317 | F23: 5 | G23: -20 | H23: 240-7 | I23: 4
B25: 12 | C25: НВГЦ | D25: 163 | E25: 292 | F25: 5.2 | G25: -19 | H25: 240-8 | I25: 1
B27: 13 | C27: НВГЦ | D27: 175 | E27: 544 | F27: 5.1 | G27: -18 | H27: 240-9 | I27: 2
B29: 14 | C29: НВГЦ | D29: 180 | E29: 526 | F29: 4.9 | G29: -18 | H29: 241-1 | I29: 2
B31: 15 | C31: ОПС | D31: 191 | E31: 495 | F31: 5.2 | G31: -18 | H31: 241-2 | I31: 6
B33: 16 | C33: ОПС | D33: 191 | E33: 518 | F33: 5.1 | G33: -17 | H33: 241-3 | I33: 2
B35: 17 | C35: НВГЦ | D35: 195 | E35: 794 | F35: 5.3 | G35: -15 | H35: 241-4
B37: 18 | C37: НВГЦ | D37: 188 | E37: 833 | F37: 5.1 | G37: -17 | H37: 241-5
B39: 19 | C39: НВГЦ | D39: 167 | E39: 344 | F39: 5.2 | G39: -18 | H39: 241-6
B41: 20 | C41: ОПС | D41: 195 | E41: 378 | F41: 5.1 | G41: -16 | H41: 241-7
B43: 21
B45: 22
B47: 23
I49: =SUM(I5:I48) -> 28

Sheet 240-6
B1: 240-6
B2: Канал | C2: курс | D2: Vпр | E2: Нпус | F2: Дпус | I2: Центр рассеивания НАР
B3: ЦУ | D3: км/ч | E3: м | F3: м
B4: НВГЦ/ЛЦУ | C4: 270 | I4: =IF(E6,((I12+I38)/2),I12) -> 138.73912 | J4: =IF(E6,((J12+J38)/2),J12) -> -11.244532
B5: Число КОБЭ | C5: Всего | D5: НАР 1 | E5: НАР 2 | I5: x | J5: z
C6: 48 | D6: 23 | E6: 0
A10: КОБЭ от НАР 1
A11: номер п/п | B11: азимут | C11: дальность | D11: Азимут за вычетом боевого курса | E11: градусы | F11: минуты (в сотых градуса) | G11: х | H11: z | I11: Мх | J11: Мz | K11: Хт-Мх | L11: Zт-Мz | M11: (Хт-Мх)*2 | N11: (Zт-Мz)*2 | O11: N-1 | P11: Σ(Хт-Мх)*2 | Q11: Σ(Zт-Мz)*2 | R11: (Σ(Хт-Мх)*2)/(N-1) | S11: (Σ(Zт-Мz)*2)/(N-1) | T11: Сигма X | U11: Сигма Z | V11: σX*σZ | W11: СКО КОБЭ
A12: 1 | B12: 263.1 | C12: 164 | D12: =IF(B12,B12-$C$4," ") -> -6.9 | E12: =IF(B12,INT(D12)," ") -> -7 | F12: =IF(B12,((D12-E12)/60*100)," ") -> 0.16666667 | G12: =IF(B12,C12*COS(PI()/180*(E12+F12))," ") -> 162.83502 | H12: =IF(B12,(C12*SIN(PI()/180*(E12+F12)))," ") -> -19.512988 | I12: =SUM(G12:G34)/D6 -> 138.73912 | J12: =SUM(H12:H34)/D6 -> -11.244532 | K12: =IF(B12,SUM(G12,-$I$12)," ") -> 24.095895 | L12: =IF(B12,SUM(H12,-$J$12)," ") -> -8.2684554 | M12: =IF(B12,POWER(K12,2)," ") -> 580.61217 | N12: =IF(B12,POWER(L12,2)," ") -> 68.367354 | O12: =D6-1 -> 22 | P12: =SUM(M12:M35) -> 27577.856 | Q12: =SUM(N12:N35) -> 1669.5147 | R12: =PRODUCT(P12,1/$O$12) -> 1253.5389 | S12: =PRODUCT(Q12,1/$O$12) -> 75.887033 | T12: =SQRT(R12) -> 35.405351 | U12: =SQRT(S12) -> 8.7113163 | V12: =PRODUCT(T12:U12) -> 308.42722 | W12: =SQRT(V12) -> 17.562096
A13: 2 | B13: 266.1 | C13: 258 | D13: =IF(B13,B13-$C$4," ") -> -3.9 | E13: =IF(B13,INT(D13)," ") -> -4 | F13: =IF(B13,((D13-E13)/60*100)," ") -> 0.16666667 | G13: =IF(B13,C13*COS(PI()/180*(E13+F13))," ") -> 257.42279 | H13: =IF(B13,(C13*SIN(PI()/180*(E13+F13)))," ") -> -17.248432 | K13: =IF(B13,SUM(G13,-$I$12)," ") -> 118.68366 | L13: =IF(B13,SUM(H13,-$J$12)," ") -> -6.0038994 | M13: =IF(B13,POWER(K13,2)," ") -> 14085.812 | N13: =IF(B13,POWER(L13,2)," ") -> 36.046808
A14: 3 | B14: 267.3 | C14: 160 | D14: =IF(B14,B14-$C$4," ") -> -2.7 | E14: =IF(B14,INT(D14)," ") -> -3 | F14: =IF(B14,((D14-E14)/60*100)," ") -> 0.5 | G14: =IF(B14,C14*COS(PI()/180*(E14+F14))," ") -> 159.84772 | H14: =IF(B14,(C14*SIN(PI()/180*(E14+F14)))," ") -> -6.979102 | K14: =IF(B14,SUM(G14,-$I$12)," ") -> 21.108592 | L14: =IF(B14,SUM(H14,-$J$12)," ") -> 4.2654303 | M14: =IF(B14,POWER(K14,2)," ") -> 445.57266 | N14: =IF(B14,POWER(L14,2)," ") -> 18.193896
A15: 4 | B15: 268.2 | C15: 166 | D15: =IF(B15,B15-$C$4," ") -> -1.8 | E15: =IF(B15,INT(D15)," ") -> -2 | F15: =IF(B15,((D15-E15)/60*100)," ") -> 0.33333333 | G15: =IF(B15,C15*COS(PI()/180*(E15+F15))," ") -> 165.92977 | H15: =IF(B15,(C15*SIN(PI()/180*(E15+F15)))," ") -> -4.8280633 | K15: =IF(B15,SUM(G15,-$I$12)," ") -> 27.19065 | L15: =IF(B15,SUM(H15,-$J$12)," ") -> 6.416469 | M15: =IF(B15,POWER(K15,2)," ") -> 739.33146 | N15: =IF(B15,POWER(L15,2)," ") -> 41.171074
A16: 5 | B16: 267.45 | C16: 156 | D16: =IF(B16,B16-$C$4," ") -> -2.55 | E16: =IF(B16,INT(D16)," ") -> -3 | F16: =IF(B16,((D16-E16)/60*100)," ") -> 0.75 | G16: =IF(B16,C16*COS(PI()/180*(E16+F16))," ") -> 155.87973 | H16: =IF(B16,(C16*SIN(PI()/180*(E16+F16)))," ") -> -6.1245313 | K16: =IF(B16,SUM(G16,-$I$12)," ") -> 17.140606 | L16: =IF(B16,SUM(H16,-$J$12)," ") -> 5.1200011 | M16: =IF(B16,POWER(K16,2)," ") -> 293.80038 | N16: =IF(B16,POWER(L16,2)," ") -> 26.214411
A17: 6 | B17: 266.5 | C17: 154 | D17: =IF(B17,B17-$C$4," ") -> -3.5 | E17: =IF(B17,INT(D17)," ") -> -4 | F17: =IF(B17,((D17-E17)/60*100)," ") -> 0.83333333 | G17: =IF(B17,C17*COS(PI()/180*(E17+F17))," ") -> 153.76485 | H17: =IF(B17,(C17*SIN(PI()/180*(E17+F17)))," ") -> -8.5070564 | K17: =IF(B17,SUM(G17,-$I$12)," ") -> 15.025729 | L17: =IF(B17,SUM(H17,-$J$12)," ") -> 2.7374759 | M17: =IF(B17,POWER(K17,2)," ") -> 225.77254 | N17: =IF(B17,POWER(L17,2)," ") -> 7.4937741
A18: 7 | B18: 266.3 | C18: 156 | D18: =IF(B18,B18-$C$4," ") -> -3.7 | E18: =IF(B18,INT(D18)," ") -> -4 | F18: =IF(B18,((D18-E18)/60*100)," ") -> 0.5 | G18: =IF(B18,C18*COS(PI()/180*(E18+F18))," ") -> 155.70903 | H18: =IF(B18,(C18*SIN(PI()/180*(E18+F18)))," ") -> -9.5235722 | K18: =IF(B18,SUM(G18,-$I$12)," ") -> 16.969905 | L18: =IF(B18,SUM(H18,-$J$12)," ") -> 1.7209601 | M18: =IF(B18,POWER(K18,2)," ") -> 287.97768 | N18: =IF(B18,POWER(L18,2)," ") -> 2.9617038
A19: 8 | B19: 264.55 | C19: 156 | D19: =IF(B19,B19-$C$4," ") -> -5.45 | E19: =IF(B19,INT(D19)," ") -> -6 | F19: =IF(B19,((D19-E19)/60*100)," ") -> 0.91666667 | G19: =IF(B19,C19*COS(PI()/180*(E19+F19))," ") -> 155.38643 | H19: =IF(B19,(C19*SIN(PI()/180*(E19+F19)))," ") -> -13.822311 | K19: =IF(B19,SUM(G19,-$I$12)," ") -> 16.64731 | L19: =IF(B19,SUM(H19,-$J$12)," ") -> -2.5777785 | M19: =IF(B19,POWER(K19,2)," ") -> 277.13293 | N19: =IF(B19,POWER(L19,2)," ") -> 6.644942
A20: 9 | B20: 262.2 | C20: 144 | D20: =IF(B20,B20-$C$4," ") -> -7.8 | E20: =IF(B20,INT(D20)," ") -> -8 | F20: =IF(B20,((D20-E20)/60*100)," ") -> 0.33333333 | G20: =IF(B20,C20*COS(PI()/180*(E20+F20))," ") -> 142.71278 | H20: =IF(B20,(C20*SIN(PI()/180*(E20+F20)))," ") -> -19.210987 | K20: =IF(B20,SUM(G20,-$I$12)," ") -> 3.9736579 | L20: =IF(B20,SUM(H20,-$J$12)," ") -> -7.9664547 | M20: =IF(B20,POWER(K20,2)," ") -> 15.789957 | N20: =IF(B20,POWER(L20,2)," ") -> 63.464401
A21: 10 | B21: 268 | C21: 146 | D21: =IF(B21,B21-$C$4," ") -> -2 | E21: =IF(B21,INT(D21)," ") -> -2 | F21: =IF(B21,((D21-E21)/60*100)," ") -> 0 | G21: =IF(B21,C21*COS(PI()/180*(E21+F21))," ") -> 145.91106 | H21: =IF(B21,(C21*SIN(PI()/180*(E21+F21)))," ") -> -5.0953265 | K21: =IF(B21,SUM(G21,-$I$12)," ") -> 7.1719373 | L21: =IF(B21,SUM(H21,-$J$12)," ") -> 6.1492058 | M21: =IF(B21,POWER(K21,2)," ") -> 51.436684 | N21: =IF(B21,POWER(L21,2)," ") -> 37.812732
A22: 11 | B22: 270.35 | C22: 140 | D22: =IF(B22,B22-$C$4," ") -> 0.35 | E22: =IF(B22,INT(D22)," ") -> 0 | F22: =IF(B22,((D22-E22)/60*100)," ") -> 0.58333333 | G22: =IF(B22,C22*COS(PI()/180*(E22+F22))," ") -> 139.99274 | H22: =IF(B22,(C22*SIN(PI()/180*(E22+F22)))," ") -> 1.4253276 | K22: =IF(B22,SUM(G22,-$I$12)," ") -> 1.2536208 | L22: =IF(B22,SUM(H22,-$J$12)," ") -> 12.66986 | M22: =IF(B22,POWER(K22,2)," ") -> 1.571565 | N22: =IF(B22,POWER(L22,2)," ") -> 160.52535
A23: 12 | B23: 265.5 | C23: 138 | D23: =IF(B23,B23-$C$4," ") -> -4.5 | E23: =IF(B23,INT(D23)," ") -> -5 | F23: =IF(B23,((D23-E23)/60*100)," ") -> 0.83333333 | G23: =IF(B23,C23*COS(PI()/180*(E23+F23))," ") -> 137.63525 | H23: =IF(B23,(C23*SIN(PI()/180*(E23+F23)))," ") -> -10.0268 | K23: =IF(B23,SUM(G23,-$I$12)," ") -> -1.103869 | L23: =IF(B23,SUM(H23,-$J$12)," ") -> 1.2177324 | M23: =IF(B23,POWER(K23,2)," ") -> 1.2185267 | N23: =IF(B23,POWER(L23,2)," ") -> 1.4828721
A24: 13 | B24: 264.05 | C24: 138 | D24: =IF(B24,B24-$C$4," ") -> -5.95 | E24: =IF(B24,INT(D24)," ") -> -6 | F24: =IF(B24,((D24-E24)/60*100)," ") -> 0.083333333 | G24: =IF(B24,C24*COS(PI()/180*(E24+F24))," ") -> 137.26486 | H24: =IF(B24,(C24*SIN(PI()/180*(E24+F24)))," ") -> -14.225299 | K24: =IF(B24,SUM(G24,-$I$12)," ") -> -1.4742669 | L24: =IF(B24,SUM(H24,-$J$12)," ") -> -2.9807671 | M24: =IF(B24,POWER(K24,2)," ") -> 2.1734628 | N24: =IF(B24,POWER(L24,2)," ") -> 8.8849725
... A34: 23 | B34: 263.45 | C34: 70 | D34: =IF(B34,B34-$C$4," ") -> -6.55 | E34: =IF(B34,INT(D34)," ") -> -7 | F34: =IF(B34,((D34-E34)/60*100)," ") -> 0.75 | G34: =IF(B34,C34*COS(PI()/180*(E34+F34))," ") -> 69.583944 | H34: =IF(B34,(C34*SIN(PI()/180*(E34+F34)))," ") -> -7.6206812 | K34: =IF(B34,SUM(G34,-$I$12)," ") -> -69.15518 | L34: =IF(B34,SUM(H34,-$J$12)," ") -> 3.6238511 | M34: =IF(B34,POWER(K34,2)," ") -> 4782.4389 | N34: =IF(B34,POWER(L34,2)," ") -> 13.132297
A35: 24 | D35: =IF(B35,B35-$C$4," ") | E35: =IF(B35,INT(D35)," ") | F35: =IF(B35,((D35-E35)/60*100)," ") | G35: =IF(B35,C35*COS(PI()/180*(E35+F35))," ") | H35: =IF(B35,(C35*SIN(PI()/180*(E35+F35)))," ") | K35: =IF(B35,SUM(G35,-$I$12)," ") | L35: =IF(B35,SUM(H35,-$J$12)," ") | M35: =IF(B35,POWER(K35,2)," ") | N35: =IF(B35,POWER(L35,2)," ")
A36: КОБЭ от НАР 2
A37: номер п/п | B37: азимут | C37: дальность | D37: Азимут за вычетом боевого курса | E37: градусы | F37: минуты (в сотых градуса) | G37: х | H37: z | I37: Мх | J37: Мz | K37: Хт-Мх | L37: Zт-Мz | M37: (Хт-Мх)*2 | N37: (Zт-Мz)*2 | O37: N-1 | P37: Σ(Хт-Мх)*2 | Q37: Σ(Zт-Мz)*2 | R37: (Σ(Хт-Мх)*2)/(N-1) | S37: (Σ(Zт-Мz)*2)/(N-1) | T37: Сигма X | U37: Сигма Z | V37: σX*σZ | W37: СКО КОБЭ
A38: 1 | D38: =IF(B38,B38-$C$4," ") | E38: =IF(B38,INT(D38)," ") | F38: =IF(B38,((D38-E38)/60*100)," ") | G38: =IF(B38,C38*COS(PI()/180*(E38+F38))," ") | H38: =IF(B38,(C38*SIN(PI()/180*(E38+F38)))," ") | I38: =SUM(G38:G61)/E6 -> #DIV/0! | J38: =SUM(H38:H61)/E6 -> #DIV/0! | K38: =IF(B38,SUM(G38,-$I$12)," ") | L38: =IF(B38,SUM(H38,-$J$12)," ") | M38: =IF(B38,POWER(K38,2)," ") | N38: =IF(B38,POWER(L38,2)," ") | O38: =E6-1 -> -1 | P38: =SUM(M38:M61) -> 0 | Q38: =SUM(N38:N61) -> 0 | R38: =PRODUCT(P38,1/$O$38) -> 0 | S38: =PRODUCT(Q38,1/$O$38) -> 0 | T38: =SQRT(R38) -> 0 | U38: =SQRT(S38) -> 0 | V38: =PRODUCT(T38:U38) -> 0 | W38: =SQRT(V38) -> 0
A39: 2 | D39: =IF(B39,B39-$C$4," ") | E39: =IF(B39,INT(D39)," ") | F39: =IF(B39,((D39-E39)/60*100)," ") | G39: =IF(B39,C39*COS(PI()/180*(E39+F39))," ") | H39: =IF(B39,(C39*SIN(PI()/180*(E39+F39)))," ") | K39: =IF(B39,SUM(G39,-$I$12)," ") | L39: =IF(B39,SUM(H39,-$J$12)," ") | M39: =IF(B39,POWER(K39,2)," ") | N39: =IF(B39,POWER(L39,2)," ")
A40: 3 | D40: =IF(B40,B40-$C$4," ") | E40: =IF(B40,INT(D40)," ") | F40: =IF(B40,((D40-E40)/60*100)," ") | G40: =IF(B40,C40*COS(PI()/180*(E40+F40))," ") | H40: =IF(B40,(C40*SIN(PI()/180*(E40+F40)))," ") | K40: =IF(B40,SUM(G40,-$I$12)," ") | L40: =IF(B40,SUM(H40,-$J$12)," ") | M40: =IF(B40,POWER(K40,2)," ") | N40: =IF(B40,POWER(L40,2)," ")
A41: 4 | D41: =IF(B41,B41-$C$4," ") | E41: =IF(B41,INT(D41)," ") | F41: =IF(B41,((D41-E41)/60*100)," ") | G41: =IF(B41,C41*COS(PI()/180*(E41+F41))," ") | H41: =IF(B41,(C41*SIN(PI()/180*(E41+F41)))," ") | K41: =IF(B41,SUM(G41,-$I$12)," ") | L41: =IF(B41,SUM(H41,-$J$12)," ") | M41: =IF(B41,POWER(K41,2)," ") | N41: =IF(B41,POWER(L41,2)," ")
A42: 5 | D42: =IF(B42,B42-$C$4," ") | E42: =IF(B42,INT(D42)," ") | F42: =IF(B42,((D42-E42)/60*100)," ") | G42: =IF(B42,C42*COS(PI()/180*(E42+F42))," ") | H42: =IF(B42,(C42*SIN(PI()/180*(E42+F42)))," ") | K42: =IF(B42,SUM(G42,-$I$12)," ") | L42: =IF(B42,SUM(H42,-$J$12)," ") | M42: =IF(B42,POWER(K42,2)," ") | N42: =IF(B42,POWER(L42,2)," ")
A43: 6 | D43: =IF(B43,B43-$C$4," ") | E43: =IF(B43,INT(D43)," ") | F43: =IF(B43,((D43-E43)/60*100)," ") | G43: =IF(B43,C43*COS(PI()/180*(E43+F43))," ") | H43: =IF(B43,(C43*SIN(PI()/180*(E43+F43)))," ") | K43: =IF(B43,SUM(G43,-$I$12)," ") | L43: =IF(B43,SUM(H43,-$J$12)," ") | M43: =IF(B43,POWER(K43,2)," ") | N43: =IF(B43,POWER(L43,2)," ")
A44: 7 | D44: =IF(B44,B44-$C$4," ") | E44: =IF(B44,INT(D44)," ") | F44: =IF(B44,((D44-E44)/60*100)," ") | G44: =IF(B44,C44*COS(PI()/180*(E44+F44))," ") | H44: =IF(B44,(C44*SIN(PI()/180*(E44+F44)))," ") | K44: =IF(B44,SUM(G44,-$I$12)," ") | L44: =IF(B44,SUM(H44,-$J$12)," ") | M44: =IF(B44,POWER(K44,2)," ") | N44: =IF(B44,POWER(L44,2)," ")
A45: 8 | D45: =IF(B45,B45-$C$4," ") | E45: =IF(B45,INT(D45)," ") | F45: =IF(B45,((D45-E45)/60*100)," ") | G45: =IF(B45,C45*COS(PI()/180*(E45+F45))," ") | H45: =IF(B45,(C45*SIN(PI()/180*(E45+F45)))," ") | K45: =IF(B45,SUM(G45,-$I$12)," ") | L45: =IF(B45,SUM(H45,-$J$12)," ") | M45: =IF(B45,POWER(K45,2)," ") | N45: =IF(B45,POWER(L45,2)," ")
A46: 9 | D46: =IF(B46,B46-$C$4," ") | E46: =IF(B46,INT(D46)," ") | F46: =IF(B46,((D46-E46)/60*100)," ") | G46: =IF(B46,C46*COS(PI()/180*(E46+F46))," ") | H46: =IF(B46,(C46*SIN(PI()/180*(E46+F46)))," ") | K46: =IF(B46,SUM(G46,-$I$12)," ") | L46: =IF(B46,SUM(H46,-$J$12)," ") | M46: =IF(B46,POWER(K46,2)," ") | N46: =IF(B46,POWER(L46,2)," ")
A47: 10 | D47: =IF(B47,B47-$C$4," ") | E47: =IF(B47,INT(D47)," ") | F47: =IF(B47,((D47-E47)/60*100)," ") | G47: =IF(B47,C47*COS(PI()/180*(E47+F47))," ") | H47: =IF(B47,(C47*SIN(PI()/180*(E47+F47)))," ") | K47: =IF(B47,SUM(G47,-$I$12)," ") | L47: =IF(B47,SUM(H47,-$J$12)," ") | M47: =IF(B47,POWER(K47,2)," ") | N47: =IF(B47,POWER(L47,2)," ")
A48: 11 | D48: =IF(B48,B48-$C$4," ") | E48: =IF(B48,INT(D48)," ") | F48: =IF(B48,((D48-E48)/60*100)," ") | G48: =IF(B48,C48*COS(PI()/180*(E48+F48))," ") | H48: =IF(B48,(C48*SIN(PI()/180*(E48+F48)))," ") | K48: =IF(B48,SUM(G48,-$I$12)," ") | L48: =IF(B48,SUM(H48,-$J$12)," ") | M48: =IF(B48,POWER(K48,2)," ") | N48: =IF(B48,POWER(L48,2)," ")
A49: 12 | D49: =IF(B49,B49-$C$4," ") | E49: =IF(B49,INT(D49)," ") | F49: =IF(B49,((D49-E49)/60*100)," ") | G49: =IF(B49,C49*COS(PI()/180*(E49+F49))," ") | H49: =IF(B49,(C49*SIN(PI()/180*(E49+F49)))," ") | K49: =IF(B49,SUM(G49,-$I$12)," ") | L49: =IF(B49,SUM(H49,-$J$12)," ") | M49: =IF(B49,POWER(K49,2)," ") | N49: =IF(B49,POWER(L49,2)," ")
A50: 13 | D50: =IF(B50,B50-$C$4," ") | E50: =IF(B50,INT(D50)," ") | F50: =IF(B50,((D50-E50)/60*100)," ") | G50: =IF(B50,C50*COS(PI()/180*(E50+F50))," ") | H50: =IF(B50,(C50*SIN(PI()/180*(E50+F50)))," ") | K50: =IF(B50,SUM(G50,-$I$12)," ") | L50: =IF(B50,SUM(H50,-$J$12)," ") | M50: =IF(B50,POWER(K50,2)," ") | N50: =IF(B50,POWER(L50,2)," ")
... A61: 24 | D61: =IF(B61,B61-$C$4," ") | E61: =IF(B61,INT(D61)," ") | F61: =IF(B61,((D61-E61)/60*100)," ") | G61: =IF(B61,C61*COS(PI()/180*(E61+F61))," ") | H61: =IF(B61,(C61*SIN(PI()/180*(E61+F61)))," ") | K61: =IF(B61,SUM(G61,-$I$12)," ") | L61: =IF(B61,SUM(H61,-$J$12)," ") | M61: =IF(B61,POWER(K61,2)," ") | N61: =IF(B61,POWER(L61,2)," ")

Sheet 240-7__4 ркеты
B1: НОМЕР МИШЕНИ
B2: Канал | C2: курс | D2: Vпр | E2: Нпус | F2: Дпус | I2: Центр рассеивания НАР
B3: ЦУ | D3: км/ч | E3: м | F3: м
B4: НВГЦ/ЛЦУ | C4: 270 | I4: =(I12+I38+I64+I90)/4 -> 81.948793 | J4: =(J12+J38+J64+J90)/4 -> -33.668476
B5: Число КОБЭ | C5: Всего | D5: НАР 1 | E5: НАР 2 | F5: НАР 3 | G5: НАР 4 | I5: x | J5: z
C6: =D6+F6+E6+G6 -> 76 | D6: 22 | E6: 16 | F6: 16 | G6: 22
A10: КОБЭ от НАР 1
A11: номер п/п | B11: азимут | C11: дальность | D11: Азимут за вычетом боевого курса | E11: градусы | F11: минуты (в сотых градуса) | G11: х | H11: z | I11: Мх | J11: Мz | K11: Хт-Мх | L11: Zт-Мz | M11: (Хт-Мх)*2 | N11: (Zт-Мz)*2 | O11: N-1 | P11: Σ(Хт-Мх)*2 | Q11: Σ(Zт-Мz)*2 | R11: (Σ(Хт-Мх)*2)/(N-1) | S11: (Σ(Zт-Мz)*2)/(N-1) | T11: Сигма X | U11: Сигма Z | V11: σX*σZ | W11: СКО КОБЭ
A12: 1 | B12: 262.3 | C12: 120 | D12: =IF(B12,B12-$C$4," ") -> -7.7 | E12: =IF(B12,INT(D12)," ") -> -8 | F12: =IF(B12,((D12-E12)/60*100)," ") -> 0.5 | G12: =IF(B12,C12*COS(PI()/180*(E12+F12))," ") -> 118.97338 | H12: =IF(B12,(C12*SIN(PI()/180*(E12+F12)))," ") -> -15.663143 | I12: =SUM(G12:G35)/D6 -> 116.14276 | J12: =SUM(H12:H35)/D6 -> 19.205126 | K12: =IF(B12,SUM(G12,-$I$12)," ") -> 2.8306197 | L12: =IF(B12,SUM(H12,-$J$12)," ") -> -34.868269 | M12: =IF(B12,POWER(K12,2)," ") -> 8.0124078 | N12: =IF(B12,POWER(L12,2)," ") -> 1215.7962 | O12: =D6-1 -> 21 | P12: =SUM(M12:M35) -> 6912.2007 | Q12: =SUM(N12:N35) -> 8552.2741 | R12: =PRODUCT(P12,1/$O$12) -> 329.15241 | S12: =PRODUCT(Q12,1/$O$12) -> 407.25115 | T12: =SQRT(R12) -> 18.142558 | U12: =SQRT(S12) -> 20.180465 | V12: =PRODUCT(T12:U12) -> 366.12525 | W12: =SQRT(V12) -> 19.1344
A13: 2 | B13: 269.3 | C13: 160 | D13: =IF(B13,B13-$C$4," ") -> -0.7 | E13: =IF(B13,INT(D13)," ") -> -1 | F13: =IF(B13,((D13-E13)/60*100)," ") -> 0.5 | G13: =IF(B13,C13*COS(PI()/180*(E13+F13))," ") -> 159.99391 | H13: =IF(B13,(C13*SIN(PI()/180*(E13+F13)))," ") -> -1.3962457 | K13: =IF(B13,SUM(G13,-$I$12)," ") -> 43.851144 | L13: =IF(B13,SUM(H13,-$J$12)," ") -> -20.601372 | M13: =IF(B13,POWER(K13,2)," ") -> 1922.9228 | N13: =IF(B13,POWER(L13,2)," ") -> 424.41651 | AA13: 262.3 | AB13: 120
A14: 3 | B14: 289.05 | C14: 106 | D14: =IF(B14,B14-$C$4," ") -> 19.05 | E14: =IF(B14,INT(D14)," ") -> 19 | F14: =IF(B14,((D14-E14)/60*100)," ") -> 0.083333333 | G14: =IF(B14,C14*COS(PI()/180*(E14+F14))," ") -> 100.17467 | H14: =IF(B14,(C14*SIN(PI()/180*(E14+F14)))," ") -> 34.655959 | K14: =IF(B14,SUM(G14,-$I$12)," ") -> -15.968094 | L14: =IF(B14,SUM(H14,-$J$12)," ") -> 15.450833 | M14: =IF(B14,POWER(K14,2)," ") -> 254.98002 | N14: =IF(B14,POWER(L14,2)," ") -> 238.72825 | AA14: 269.3 | AB14: 160
A15: 4 | B15: 279.4 | C15: 102 | D15: =IF(B15,B15-$C$4," ") -> 9.4 | E15: =IF(B15,INT(D15)," ") -> 9 | F15: =IF(B15,((D15-E15)/60*100)," ") -> 0.66666667 | G15: =IF(B15,C15*COS(PI()/180*(E15+F15))," ") -> 100.55174 | H15: =IF(B15,(C15*SIN(PI()/180*(E15+F15)))," ") -> 17.127421 | K15: =IF(B15,SUM(G15,-$I$12)," ") -> -15.591028 | L15: =IF(B15,SUM(H15,-$J$12)," ") -> -2.077705 | M15: =IF(B15,POWER(K15,2)," ") -> 243.08017 | N15: =IF(B15,POWER(L15,2)," ") -> 4.3168579
A16: 5 | B16: 285.2 | C16: 106 | D16: =IF(B16,B16-$C$4," ") -> 15.2 | E16: =IF(B16,INT(D16)," ") -> 15 | F16: =IF(B16,((D16-E16)/60*100)," ") -> 0.33333333 | G16: =IF(B16,C16*COS(PI()/180*(E16+F16))," ") -> 102.2268 | H16: =IF(B16,(C16*SIN(PI()/180*(E16+F16)))," ") -> 28.030021 | K16: =IF(B16,SUM(G16,-$I$12)," ") -> -13.915967 | L16: =IF(B16,SUM(H16,-$J$12)," ") -> 8.8248952 | M16: =IF(B16,POWER(K16,2)," ") -> 193.65414 | N16: =IF(B16,POWER(L16,2)," ") -> 77.878776
A17: 6 | B17: 273.05 | C17: 104 | D17: =IF(B17,B17-$C$4," ") -> 3.05 | E17: =IF(B17,INT(D17)," ") -> 3 | F17: =IF(B17,((D17-E17)/60*100)," ") -> 0.083333333 | G17: =IF(B17,C17*COS(PI()/180*(E17+F17))," ") -> 103.84945 | H17: =IF(B17,(C17*SIN(PI()/180*(E17+F17)))," ") -> 5.5939882 | K17: =IF(B17,SUM(G17,-$I$12)," ") -> -12.293318 | L17: =IF(B17,SUM(H17,-$J$12)," ") -> -13.611138 | M17: =IF(B17,POWER(K17,2)," ") -> 151.12568 | N17: =IF(B17,POWER(L17,2)," ") -> 185.26307
A18: 7 | B18: 275.2 | C18: 106 | D18: =IF(B18,B18-$C$4," ") -> 5.2 | E18: =IF(B18,INT(D18)," ") -> 5 | F18: =IF(B18,((D18-E18)/60*100)," ") -> 0.33333333 | G18: =IF(B18,C18*COS(PI()/180*(E18+F18))," ") -> 105.5411 | H18: =IF(B18,(C18*SIN(PI()/180*(E18+F18)))," ") -> 9.8526853 | K18: =IF(B18,SUM(G18,-$I$12)," ") -> -10.60166 | L18: =IF(B18,SUM(H18,-$J$12)," ") -> -9.3524407 | M18: =IF(B18,POWER(K18,2)," ") -> 112.39519 | N18: =IF(B18,POWER(L18,2)," ") -> 87.468147
A19: 8 | B19: 264.45 | C19: 106 | D19: =IF(B19,B19-$C$4," ") -> -5.55 | E19: =IF(B19,INT(D19)," ") -> -6 | F19: =IF(B19,((D19-E19)/60*100)," ") -> 0.75 | G19: =IF(B19,C19*COS(PI()/180*(E19+F19))," ") -> 105.55532 | H19: =IF(B19,(C19*SIN(PI()/180*(E19+F19)))," ") -> -9.6991716 | K19: =IF(B19,SUM(G19,-$I$12)," ") -> -10.587441 | L19: =IF(B19,SUM(H19,-$J$12)," ") -> -28.904298 | M19: =IF(B19,POWER(K19,2)," ") -> 112.09391 | N19: =IF(B19,POWER(L19,2)," ") -> 835.45842
A20: 9 | B20: 275.35 | C20: 108 | D20: =IF(B20,B20-$C$4," ") -> 5.35 | E20: =IF(B20,INT(D20)," ") -> 5 | F20: =IF(B20,((D20-E20)/60*100)," ") -> 0.58333333 | G20: =IF(B20,C20*COS(PI()/180*(E20+F20))," ") -> 107.48762 | H20: =IF(B20,(C20*SIN(PI()/180*(E20+F20)))," ") -> 10.507687 | K20: =IF(B20,SUM(G20,-$I$12)," ") -> -8.6551434 | L20: =IF(B20,SUM(H20,-$J$12)," ") -> -8.6974392 | M20: =IF(B20,POWER(K20,2)," ") -> 74.911507 | N20: =IF(B20,POWER(L20,2)," ") -> 75.645449
A21: 10 | B21: 279.45 | C21: 116 | D21: =IF(B21,B21-$C$4," ") -> 9.45 | E21: =IF(B21,INT(D21)," ") -> 9 | F21: =IF(B21,((D21-E21)/60*100)," ") -> 0.75 | G21: =IF(B21,C21*COS(PI()/180*(E21+F21))," ") -> 114.3245 | H21: =IF(B21,(C21*SIN(PI()/180*(E21+F21)))," ") -> 19.644542 | K21: =IF(B21,SUM(G21,-$I$12)," ") -> -1.8182608 | L21: =IF(B21,SUM(H21,-$J$12)," ") -> 0.4394165 | M21: =IF(B21,POWER(K21,2)," ") -> 3.3060724 | N21: =IF(B21,POWER(L21,2)," ") -> 0.19308686
A22: 11 | B22: 279.1 | C22: 116 | D22: =IF(B22,B22-$C$4," ") -> 9.1 | E22: =IF(B22,INT(D22)," ") -> 9 | F22: =IF(B22,((D22-E22)/60*100)," ") -> 0.16666667 | G22: =IF(B22,C22*COS(PI()/180*(E22+F22))," ") -> 114.51858 | H22: =IF(B22,(C22*SIN(PI()/180*(E22+F22)))," ") -> 18.479597 | K22: =IF(B22,SUM(G22,-$I$12)," ") -> -1.6241866 | L22: =IF(B22,SUM(H22,-$J$12)," ") -> -0.72552925 | M22: =IF(B22,POWER(K22,2)," ") -> 2.637982 | N22: =IF(B22,POWER(L22,2)," ") -> 0.52639269
A23: 12 | B23: 282.05 | C23: 128 | D23: =IF(B23,B23-$C$4," ") -> 12.05 | E23: =IF(B23,INT(D23)," ") -> 12 | F23: =IF(B23,((D23-E23)/60*100)," ") -> 0.083333333 | G23: =IF(B23,C23*COS(PI()/180*(E23+F23))," ") -> 125.16405 | H23: =IF(B23,(C23*SIN(PI()/180*(E23+F23)))," ") -> 26.794768 | K23: =IF(B23,SUM(G23,-$I$12)," ") -> 9.0212902 | L23: =IF(B23,SUM(H23,-$J$12)," ") -> 7.5896425 | M23: =IF(B23,POWER(K23,2)," ") -> 81.383677 | N23: =IF(B23,POWER(L23,2)," ") -> 57.602673
A24: 13 | B24: 279.45 | C24: 128 | D24: =IF(B24,B24-$C$4," ") -> 9.45 | E24: =IF(B24,INT(D24)," ") -> 9 | F24: =IF(B24,((D24-E24)/60*100)," ") -> 0.75 | G24: =IF(B24,C24*COS(PI()/180*(E24+F24))," ") -> 126.15118 | H24: =IF(B24,(C24*SIN(PI()/180*(E24+F24)))," ") -> 21.676736 | K24: =IF(B24,SUM(G24,-$I$12)," ") -> 10.008412 | L24: =IF(B24,SUM(H24,-$J$12)," ") -> 2.4716105 | M24: =IF(B24,POWER(K24,2)," ") -> 100.16831 | N24: =IF(B24,POWER(L24,2)," ") -> 6.1088587
A25: 14 | B25: 278.55 | C25: 132 | D25: =IF(B25,B25-$C$4," ") -> 8.55 | E25: =IF(B25,INT(D25)," ") -> 8 | F25: =IF(B25,((D25-E25)/60*100)," ") -> 0.91666667 | G25: =IF(B25,C25*COS(PI()/180*(E25+F25))," ") -> 130.40476 | H25: =IF(B25,(C25*SIN(PI()/180*(E25+F25)))," ") -> 20.459705 | K25: =IF(B25,SUM(G25,-$I$12)," ") -> 14.261993 | L25: =IF(B25,SUM(H25,-$J$12)," ") -> 1.2545791 | M25: =IF(B25,POWER(K25,2)," ") -> 203.40443 | N25: =IF(B25,POWER(L25,2)," ") -> 1.5739688
A26: 15 | B26: 280.3 | C26: 134 | D26: =IF(B26,B26-$C$4," ") -> 10.3 | E26: =IF(B26,INT(D26)," ") -> 10 | F26: =IF(B26,((D26-E26)/60*100)," ") -> 0.5 | G26: =IF(B26,C26*COS(PI()/180*(E26+F26))," ") -> 131.75616 | H26: =IF(B26,(C26*SIN(PI()/180*(E26+F26)))," ") -> 24.41956 | K26: =IF(B26,SUM(G26,-$I$12)," ") -> 15.613394 | L26: =IF(B26,SUM(H26,-$J$12)," ") -> 5.2144345 | M26: =IF(B26,POWER(K26,2)," ") -> 243.77807 | N26: =IF(B26,POWER(L26,2)," ") -> 27.190327
... A33: 22 | B33: 306 | C33: 132 | D33: =IF(B33,B33-$C$4," ") -> 36 | E33: =IF(B33,INT(D33)," ") -> 36 | F33: =IF(B33,((D33-E33)/60*100)," ") -> 0 | G33: =IF(B33,C33*COS(PI()/180*(E33+F33))," ") -> 106.79024 | H33: =IF(B33,(C33*SIN(PI()/180*(E33+F33)))," ") -> 77.587653 | K33: =IF(B33,SUM(G33,-$I$12)," ") -> -9.3525204 | L33: =IF(B33,SUM(H33,-$J$12)," ") -> 58.382527 | M33: =IF(B33,POWER(K33,2)," ") -> 87.469638 | N33: =IF(B33,POWER(L33,2)," ") -> 3408.5195
A34: 23 | D34: =IF(B34,B34-$C$4," ") | E34: =IF(B34,INT(D34)," ") | F34: =IF(B34,((D34-E34)/60*100)," ") | G34: =IF(B34,C34*COS(PI()/180*(E34+F34))," ") | H34: =IF(B34,(C34*SIN(PI()/180*(E34+F34)))," ") | K34: =IF(B34,SUM(G34,-$I$12)," ") | L34: =IF(B34,SUM(H34,-$J$12)," ") | M34: =IF(B34,POWER(K34,2)," ") | N34: =IF(B34,POWER(L34,2)," ")
A35: 24 | D35: =IF(B35,B35-$C$4," ") | E35: =IF(B35,INT(D35)," ") | F35: =IF(B35,((D35-E35)/60*100)," ") | G35: =IF(B35,C35*COS(PI()/180*(E35+F35))," ") | H35: =IF(B35,(C35*SIN(PI()/180*(E35+F35)))," ") | K35: =IF(B35,SUM(G35,-$I$12)," ") | L35: =IF(B35,SUM(H35,-$J$12)," ") | M35: =IF(B35,POWER(K35,2)," ") | N35: =IF(B35,POWER(L35,2)," ")
A36: КОБЭ от НАР 2
A37: номер п/п | B37: азимут | C37: дальность | D37: Азимут за вычетом боевого курса | E37: градусы | F37: минуты (в сотых градуса) | G37: х | H37: z | I37: Мх | J37: Мz | K37: Хт-Мх | L37: Zт-Мz | M37: (Хт-Мх)*2 | N37: (Zт-Мz)*2 | O37: N-1 | P37: Σ(Хт-Мх)*2 | Q37: Σ(Zт-Мz)*2 | R37: (Σ(Хт-Мх)*2)/(N-1) | S37: (Σ(Zт-Мz)*2)/(N-1) | T37: Сигма X | U37: Сигма Z | V37: σX*σZ | W37: СКО КОБЭ
A38: 1 | B38: 248.2 | C38: 20 | D38: =IF(B38,B38-$C$4," ") -> -21.8 | E38: =IF(B38,INT(D38)," ") -> -22 | F38: =IF(B38,((D38-E38)/60*100)," ") -> 0.33333333 | G38: =IF(B38,C38*COS(PI()/180*(E38+F38))," ") -> 18.58695 | H38: =IF(B38,(C38*SIN(PI()/180*(E38+F38)))," ") -> -7.3841229 | I38: =SUM(G38:G61)/E6 -> 67.287428 | J38: =SUM(H38:H61)/E6 -> 18.996543 | K38: =IF(B38,SUM(G38,-$I$12)," ") -> -97.555813 | L38: =IF(B38,SUM(H38,-$J$12)," ") -> -26.589249 | M38: =IF(B38,POWER(K38,2)," ") -> 9517.1367 | N38: =IF(B38,POWER(L38,2)," ") -> 706.98816 | O38: =E6-1 -> 15 | P38: =SUM(M38:M61) -> 43820.745 | Q38: =SUM(N38:N61) -> 5681.987 | R38: =PRODUCT(P38,1/$O$38) -> 2921.383 | S38: =PRODUCT(Q38,1/$O$38) -> 378.79913 | T38: =SQRT(R38) -> 54.04982 | U38: =SQRT(S38) -> 19.462763 | V38: =PRODUCT(T38:U38) -> 1051.9588 | W38: =SQRT(V38) -> 32.433915
A39: 2 | B39: 283.2 | C39: 40 | D39: =IF(B39,B39-$C$4," ") -> 13.2 | E39: =IF(B39,INT(D39)," ") -> 13 | F39: =IF(B39,((D39-E39)/60*100)," ") -> 0.33333333 | G39: =IF(B39,C39*COS(PI()/180*(E39+F39))," ") -> 38.921795 | H39: =IF(B39,(C39*SIN(PI()/180*(E39+F39)))," ") -> 9.2246348 | K39: =IF(B39,SUM(G39,-$I$12)," ") -> -77.220969 | L39: =IF(B39,SUM(H39,-$J$12)," ") -> -9.9804911 | M39: =IF(B39,POWER(K39,2)," ") -> 5963.078 | N39: =IF(B39,POWER(L39,2)," ") -> 99.610203
A40: 3 | B40: 293.4 | C40: 56 | D40: =IF(B40,B40-$C$4," ") -> 23.4 | E40: =IF(B40,INT(D40)," ") -> 23 | F40: =IF(B40,((D40-E40)/60*100)," ") -> 0.66666667 | G40: =IF(B40,C40*COS(PI()/180*(E40+F40))," ") -> 51.290192 | H40: =IF(B40,(C40*SIN(PI()/180*(E40+F40)))," ") -> 22.47924 | K40: =IF(B40,SUM(G40,-$I$12)," ") -> -64.852572 | L40: =IF(B40,SUM(H40,-$J$12)," ") -> 3.2741139 | M40: =IF(B40,POWER(K40,2)," ") -> 4205.8561 | N40: =IF(B40,POWER(L40,2)," ") -> 10.719822
A41: 4 | B41: 291.4 | C41: 60 | D41: =IF(B41,B41-$C$4," ") -> 21.4 | E41: =IF(B41,INT(D41)," ") -> 21 | F41: =IF(B41,((D41-E41)/60*100)," ") -> 0.66666667 | G41: =IF(B41,C41*COS(PI()/180*(E41+F41))," ") -> 55.760851 | H41: =IF(B41,(C41*SIN(PI()/180*(E41+F41)))," ") -> 22.152369 | K41: =IF(B41,SUM(G41,-$I$12)," ") -> -60.381912 | L41: =IF(B41,SUM(H41,-$J$12)," ") -> 2.9472429 | M41: =IF(B41,POWER(K41,2)," ") -> 3645.9753 | N41: =IF(B41,POWER(L41,2)," ") -> 8.6862407
A42: 5 | B42: 270.2 | C42: 58 | D42: =IF(B42,B42-$C$4," ") -> 0.2 | E42: =IF(B42,INT(D42)," ") -> 0 | F42: =IF(B42,((D42-E42)/60*100)," ") -> 0.33333333 | G42: =IF(B42,C42*COS(PI()/180*(E42+F42))," ") -> 57.999018 | H42: =IF(B42,(C42*SIN(PI()/180*(E42+F42)))," ") -> 0.33742842 | K42: =IF(B42,SUM(G42,-$I$12)," ") -> -58.143745 | L42: =IF(B42,SUM(H42,-$J$12)," ") -> -18.867698 | M42: =IF(B42,POWER(K42,2)," ") -> 3380.6951 | N42: =IF(B42,POWER(L42,2)," ") -> 355.99001
A43: 6 | B43: 278.05 | C43: 66 | D43: =IF(B43,B43-$C$4," ") -> 8.05 | E43: =IF(B43,INT(D43)," ") -> 8 | F43: =IF(B43,((D43-E43)/60*100)," ") -> 0.083333333 | G43: =IF(B43,C43*COS(PI()/180*(E43+F43))," ") -> 65.344264 | H43: =IF(B43,(C43*SIN(PI()/180*(E43+F43)))," ") -> 9.2804738 | K43: =IF(B43,SUM(G43,-$I$12)," ") -> -50.7985 | L43: =IF(B43,SUM(H43,-$J$12)," ") -> -9.9246521 | M43: =IF(B43,POWER(K43,2)," ") -> 2580.4876 | N43: =IF(B43,POWER(L43,2)," ") -> 98.49872
A44: 7 | B44: 271.25 | C44: 68 | D44: =IF(B44,B44-$C$4," ") -> 1.25 | E44: =IF(B44,INT(D44)," ") -> 1 | F44: =IF(B44,((D44-E44)/60*100)," ") -> 0.41666667 | G44: =IF(B44,C44*COS(PI()/180*(E44+F44))," ") -> 67.979215 | H44: =IF(B44,(C44*SIN(PI()/180*(E44+F44)))," ") -> 1.6811625 | K44: =IF(B44,SUM(G44,-$I$12)," ") -> -48.163549 | L44: =IF(B44,SUM(H44,-$J$12)," ") -> -17.523963 | M44: =IF(B44,POWER(K44,2)," ") -> 2319.7274 | N44: =IF(B44,POWER(L44,2)," ") -> 307.08929
A45: 8 | B45: 289.15 | C45: 74 | D45: =IF(B45,B45-$C$4," ") -> 19.15 | E45: =IF(B45,INT(D45)," ") -> 19 | F45: =IF(B45,((D45-E45)/60*100)," ") -> 0.25 | G45: =IF(B45,C45*COS(PI()/180*(E45+F45))," ") -> 69.862588 | H45: =IF(B45,(C45*SIN(PI()/180*(E45+F45)))," ") -> 24.397108 | K45: =IF(B45,SUM(G45,-$I$12)," ") -> -46.280176 | L45: =IF(B45,SUM(H45,-$J$12)," ") -> 5.1919818 | M45: =IF(B45,POWER(K45,2)," ") -> 2141.8547 | N45: =IF(B45,POWER(L45,2)," ") -> 26.956675
A46: 9 | B46: 276.25 | C46: 74 | D46: =IF(B46,B46-$C$4," ") -> 6.25 | E46: =IF(B46,INT(D46)," ") -> 6 | F46: =IF(B46,((D46-E46)/60*100)," ") -> 0.41666667 | G46: =IF(B46,C46*COS(PI()/180*(E46+F46))," ") -> 73.536423 | H46: =IF(B46,(C46*SIN(PI()/180*(E46+F46)))," ") -> 8.2700922 | K46: =IF(B46,SUM(G46,-$I$12)," ") -> -42.60634 | L46: =IF(B46,SUM(H46,-$J$12)," ") -> -10.935034 | M46: =IF(B46,POWER(K46,2)," ") -> 1815.3002 | N46: =IF(B46,POWER(L46,2)," ") -> 119.57496
A47: 10 | B47: 306.4 | C47: 92 | D47: =IF(B47,B47-$C$4," ") -> 36.4 | E47: =IF(B47,INT(D47)," ") -> 36 | F47: =IF(B47,((D47-E47)/60*100)," ") -> 0.66666667 | G47: =IF(B47,C47*COS(PI()/180*(E47+F47))," ") -> 73.795334 | H47: =IF(B47,(C47*SIN(PI()/180*(E47+F47)))," ") -> 54.93859 | K47: =IF(B47,SUM(G47,-$I$12)," ") -> -42.34743 | L47: =IF(B47,SUM(H47,-$J$12)," ") -> 35.733464 | M47: =IF(B47,POWER(K47,2)," ") -> 1793.3048 | N47: =IF(B47,POWER(L47,2)," ") -> 1276.8805
A48: 11 | B48: 311.15 | C48: 102 | D48: =IF(B48,B48-$C$4," ") -> 41.15 | E48: =IF(B48,INT(D48)," ") -> 41 | F48: =IF(B48,((D48-E48)/60*100)," ") -> 0.25 | G48: =IF(B48,C48*COS(PI()/180*(E48+F48))," ") -> 76.68766 | H48: =IF(B48,(C48*SIN(PI()/180*(E48+F48)))," ") -> 67.253273 | K48: =IF(B48,SUM(G48,-$I$12)," ") -> -39.455103 | L48: =IF(B48,SUM(H48,-$J$12)," ") -> 48.048147 | M48: =IF(B48,POWER(K48,2)," ") -> 1556.7052 | N48: =IF(B48,POWER(L48,2)," ") -> 2308.6244
A49: 12 | B49: 283.45 | C49: 84 | D49: =IF(B49,B49-$C$4," ") -> 13.45 | E49: =IF(B49,INT(D49)," ") -> 13 | F49: =IF(B49,((D49-E49)/60*100)," ") -> 0.75 | G49: =IF(B49,C49*COS(PI()/180*(E49+F49))," ") -> 81.592734 | H49: =IF(B49,(C49*SIN(PI()/180*(E49+F49)))," ") -> 19.965615 | K49: =IF(B49,SUM(G49,-$I$12)," ") -> -34.55003 | L49: =IF(B49,SUM(H49,-$J$12)," ") -> 0.76048901 | M49: =IF(B49,POWER(K49,2)," ") -> 1193.7046 | N49: =IF(B49,POWER(L49,2)," ") -> 0.57834354
A50: 13 | B50: 283.45 | C50: 84 | D50: =IF(B50,B50-$C$4," ") -> 13.45 | E50: =IF(B50,INT(D50)," ") -> 13 | F50: =IF(B50,((D50-E50)/60*100)," ") -> 0.75 | G50: =IF(B50,C50*COS(PI()/180*(E50+F50))," ") -> 81.592734 | H50: =IF(B50,(C50*SIN(PI()/180*(E50+F50)))," ") -> 19.965615 | K50: =IF(B50,SUM(G50,-$I$12)," ") -> -34.55003 | L50: =IF(B50,SUM(H50,-$J$12)," ") -> 0.76048901 | M50: =IF(B50,POWER(K50,2)," ") -> 1193.7046 | N50: =IF(B50,POWER(L50,2)," ") -> 0.57834354
... A53: 16 | B53: 288.3 | C53: 102 | D53: =IF(B53,B53-$C$4," ") -> 18.3 | E53: =IF(B53,INT(D53)," ") -> 18 | F53: =IF(B53,((D53-E53)/60*100)," ") -> 0.5 | G53: =IF(B53,C53*COS(PI()/180*(E53+F53))," ") -> 96.729013 | H53: =IF(B53,(C53*SIN(PI()/180*(E53+F53)))," ") -> 32.365075 | K53: =IF(B53,SUM(G53,-$I$12)," ") -> -19.413751 | L53: =IF(B53,SUM(H53,-$J$12)," ") -> 13.159949 | M53: =IF(B53,POWER(K53,2)," ") -> 376.89372 | N53: =IF(B53,POWER(L53,2)," ") -> 173.18426
A54: 17 | D54: =IF(B54,B54-$C$4," ") | E54: =IF(B54,INT(D54)," ") | F54: =IF(B54,((D54-E54)/60*100)," ") | G54: =IF(B54,C54*COS(PI()/180*(E54+F54))," ") | H54: =IF(B54,(C54*SIN(PI()/180*(E54+F54)))," ") | K54: =IF(B54,SUM(G54,-$I$12)," ") | L54: =IF(B54,SUM(H54,-$J$12)," ") | M54: =IF(B54,POWER(K54,2)," ") | N54: =IF(B54,POWER(L54,2)," ")
A55: 18 | D55: =IF(B55,B55-$C$4," ") | E55: =IF(B55,INT(D55)," ") | F55: =IF(B55,((D55-E55)/60*100)," ") | G55: =IF(B55,C55*COS(PI()/180*(E55+F55))," ") | H55: =IF(B55,(C55*SIN(PI()/180*(E55+F55)))," ") | K55: =IF(B55,SUM(G55,-$I$12)," ") | L55: =IF(B55,SUM(H55,-$J$12)," ") | M55: =IF(B55,POWER(K55,2)," ") | N55: =IF(B55,POWER(L55,2)," ")
A56: 19 | D56: =IF(B56,B56-$C$4," ") | E56: =IF(B56,INT(D56)," ") | F56: =IF(B56,((D56-E56)/60*100)," ") | G56: =IF(B56,C56*COS(PI()/180*(E56+F56))," ") | H56: =IF(B56,(C56*SIN(PI()/180*(E56+F56)))," ") | K56: =IF(B56,SUM(G56,-$I$12)," ") | L56: =IF(B56,SUM(H56,-$J$12)," ") | M56: =IF(B56,POWER(K56,2)," ") | N56: =IF(B56,POWER(L56,2)," ")
A57: 20 | D57: =IF(B57,B57-$C$4," ") | E57: =IF(B57,INT(D57)," ") | F57: =IF(B57,((D57-E57)/60*100)," ") | G57: =IF(B57,C57*COS(PI()/180*(E57+F57))," ") | H57: =IF(B57,(C57*SIN(PI()/180*(E57+F57)))," ") | K57: =IF(B57,SUM(G57,-$I$12)," ") | L57: =IF(B57,SUM(H57,-$J$12)," ") | M57: =IF(B57,POWER(K57,2)," ") | N57: =IF(B57,POWER(L57,2)," ")
A58: 21 | D58: =IF(B58,B58-$C$4," ") | E58: =IF(B58,INT(D58)," ") | F58: =IF(B58,((D58-E58)/60*100)," ") | G58: =IF(B58,C58*COS(PI()/180*(E58+F58))," ") | H58: =IF(B58,(C58*SIN(PI()/180*(E58+F58)))," ") | K58: =IF(B58,SUM(G58,-$I$12)," ") | L58: =IF(B58,SUM(H58,-$J$12)," ") | M58: =IF(B58,POWER(K58,2)," ") | N58: =IF(B58,POWER(L58,2)," ")
A59: 22 | D59: =IF(B59,B59-$C$4," ") | E59: =IF(B59,INT(D59)," ") | F59: =IF(B59,((D59-E59)/60*100)," ") | G59: =IF(B59,C59*COS(PI()/180*(E59+F59))," ") | H59: =IF(B59,(C59*SIN(PI()/180*(E59+F59)))," ") | K59: =IF(B59,SUM(G59,-$I$12)," ") | L59: =IF(B59,SUM(H59,-$J$12)," ") | M59: =IF(B59,POWER(K59,2)," ") | N59: =IF(B59,POWER(L59,2)," ")
A60: 23 | D60: =IF(B60,B60-$C$4," ") | E60: =IF(B60,INT(D60)," ") | F60: =IF(B60,((D60-E60)/60*100)," ") | G60: =IF(B60,C60*COS(PI()/180*(E60+F60))," ") | H60: =IF(B60,(C60*SIN(PI()/180*(E60+F60)))," ") | K60: =IF(B60,SUM(G60,-$I$12)," ") | L60: =IF(B60,SUM(H60,-$J$12)," ") | M60: =IF(B60,POWER(K60,2)," ") | N60: =IF(B60,POWER(L60,2)," ")
A61: 24 | D61: =IF(B61,B61-$C$4," ") | E61: =IF(B61,INT(D61)," ") | F61: =IF(B61,((D61-E61)/60*100)," ") | G61: =IF(B61,C61*COS(PI()/180*(E61+F61))," ") | H61: =IF(B61,(C61*SIN(PI()/180*(E61+F61)))," ") | K61: =IF(B61,SUM(G61,-$I$12)," ") | L61: =IF(B61,SUM(H61,-$J$12)," ") | M61: =IF(B61,POWER(K61,2)," ") | N61: =IF(B61,POWER(L61,2)," ")
A62: КОБЭ от НАР 3
A63: номер п/п | B63: азимут | C63: дальность | D63: Азимут за вычетом боевого курса | E63: градусы | F63: минуты (в сотых градуса) | G63: х | H63: z | I63: Мх | J63: Мz | K63: Хт-Мх | L63: Zт-Мz | M63: (Хт-Мх)*2 | N63: (Zт-Мz)*2 | O63: N-1 | P63: Σ(Хт-Мх)*2 | Q63: Σ(Zт-Мz)*2 | R63: (Σ(Хт-Мх)*2)/(N-1) | S63: (Σ(Zт-Мz)*2)/(N-1) | T63: Сигма X | U63: Сигма Z | V63: σX*σZ | W63: СКО КОБЭ
A64: 1 | B64: 194.1 | C64: 90 | D64: =IF(B64,B64-$C$4," ") -> -75.9 | E64: =IF(B64,INT(D64)," ") -> -76 | F64: =IF(B64,((D64-E64)/60*100)," ") -> 0.16666667 | G64: =IF(B64,C64*COS(PI()/180*(E64+F64))," ") -> 22.026901 | H64: =IF(B64,(C64*SIN(PI()/180*(E64+F64)))," ") -> -87.262911 | I64: =SUM(G64:G87)/F6 -> 32.11137 | J64: =SUM(H64:H87)/F6 -> -90.543462 | K64: =IF(B64,SUM(G64,-$I$12)," ") -> -94.115863 | L64: =IF(B64,SUM(H64,-$J$12)," ") -> -106.46804 | M64: =IF(B64,POWER(K64,2)," ") -> 8857.7956 | N64: =IF(B64,POWER(L64,2)," ") -> 11335.443 | O64: =E32-1 -> 2 | P64: =SUM(M64:M87) -> 117287.86 | Q64: =SUM(N64:N87) -> 194860.45 | R64: =PRODUCT(P64,1/$O$38) -> 7819.1905 | S64: =PRODUCT(Q64,1/$O$38) -> 12990.696 | T64: =SQRT(R64) -> 88.426187 | U64: =SQRT(S64) -> 113.97674 | V64: =PRODUCT(T64:U64) -> 10078.528 | W64: =SQRT(V64) -> 100.39187
A65: 2 | B65: 193.45 | C65: 102 | D65: =IF(B65,B65-$C$4," ") -> -76.55 | E65: =IF(B65,INT(D65)," ") -> -77 | F65: =IF(B65,((D65-E65)/60*100)," ") -> 0.75 | G65: =IF(B65,C65*COS(PI()/180*(E65+F65))," ") -> 24.243961 | H65: =IF(B65,(C65*SIN(PI()/180*(E65+F65)))," ") -> -99.076891 | K65: =IF(B65,SUM(G65,-$I$12)," ") -> -91.898803 | L65: =IF(B65,SUM(H65,-$J$12)," ") -> -118.28202 | M65: =IF(B65,POWER(K65,2)," ") -> 8445.3899 | N65: =IF(B65,POWER(L65,2)," ") -> 13990.636
A66: 3 | B66: 195.55 | C66: 94 | D66: =IF(B66,B66-$C$4," ") -> -74.45 | E66: =IF(B66,INT(D66)," ") -> -75 | F66: =IF(B66,((D66-E66)/60*100)," ") -> 0.91666667 | G66: =IF(B66,C66*COS(PI()/180*(E66+F66))," ") -> 25.778463 | H66: =IF(B66,(C66*SIN(PI()/180*(E66+F66)))," ") -> -90.396188 | K66: =IF(B66,SUM(G66,-$I$12)," ") -> -90.364301 | L66: =IF(B66,SUM(H66,-$J$12)," ") -> -109.60131 | M66: =IF(B66,POWER(K66,2)," ") -> 8165.7069 | N66: =IF(B66,POWER(L66,2)," ") -> 12012.448
A67: 4 | B67: 197.35 | C67: 86 | D67: =IF(B67,B67-$C$4," ") -> -72.65 | E67: =IF(B67,INT(D67)," ") -> -73 | F67: =IF(B67,((D67-E67)/60*100)," ") -> 0.58333333 | G67: =IF(B67,C67*COS(PI()/180*(E67+F67))," ") -> 25.979964 | H67: =IF(B67,(C67*SIN(PI()/180*(E67+F67)))," ") -> -81.981958 | K67: =IF(B67,SUM(G67,-$I$12)," ") -> -90.1628 | L67: =IF(B67,SUM(H67,-$J$12)," ") -> -101.18708 | M67: =IF(B67,POWER(K67,2)," ") -> 8129.3304 | N67: =IF(B67,POWER(L67,2)," ") -> 10238.826
A68: 5 | B68: 199.3 | C68: 86 | D68: =IF(B68,B68-$C$4," ") -> -70.7 | E68: =IF(B68,INT(D68)," ") -> -71 | F68: =IF(B68,((D68-E68)/60*100)," ") -> 0.5 | G68: =IF(B68,C68*COS(PI()/180*(E68+F68))," ") -> 28.70739 | H68: =IF(B68,(C68*SIN(PI()/180*(E68+F68)))," ") -> -81.067168 | K68: =IF(B68,SUM(G68,-$I$12)," ") -> -87.435374 | L68: =IF(B68,SUM(H68,-$J$12)," ") -> -100.27229 | M68: =IF(B68,POWER(K68,2)," ") -> 7644.9446 | N68: =IF(B68,POWER(L68,2)," ") -> 10054.533
A69: 6 | B69: 200.2 | C69: 98 | D69: =IF(B69,B69-$C$4," ") -> -69.8 | E69: =IF(B69,INT(D69)," ") -> -70 | F69: =IF(B69,((D69-E69)/60*100)," ") -> 0.33333333 | G69: =IF(B69,C69*COS(PI()/180*(E69+F69))," ") -> 34.053161 | H69: =IF(B69,(C69*SIN(PI()/180*(E69+F69)))," ") -> -91.89332 | K69: =IF(B69,SUM(G69,-$I$12)," ") -> -82.089603 | L69: =IF(B69,SUM(H69,-$J$12)," ") -> -111.09845 | M69: =IF(B69,POWER(K69,2)," ") -> 6738.7029 | N69: =IF(B69,POWER(L69,2)," ") -> 12342.865
A70: 7 | B70: 205.1 | C70: 86 | D70: =IF(B70,B70-$C$4," ") -> -64.9 | E70: =IF(B70,INT(D70)," ") -> -65 | F70: =IF(B70,((D70-E70)/60*100)," ") -> 0.16666667 | G70: =IF(B70,C70*COS(PI()/180*(E70+F70))," ") -> 36.571742 | H70: =IF(B70,(C70*SIN(PI()/180*(E70+F70)))," ") -> -77.836416 | K70: =IF(B70,SUM(G70,-$I$12)," ") -> -79.571022 | L70: =IF(B70,SUM(H70,-$J$12)," ") -> -97.041542 | M70: =IF(B70,POWER(K70,2)," ") -> 6331.5475 | N70: =IF(B70,POWER(L70,2)," ") -> 9417.0609
A71: 8 | B71: 201.3 | C71: 100 | D71: =IF(B71,B71-$C$4," ") -> -68.7 | E71: =IF(B71,INT(D71)," ") -> -69 | F71: =IF(B71,((D71-E71)/60*100)," ") -> 0.5 | G71: =IF(B71,C71*COS(PI()/180*(E71+F71))," ") -> 36.650123 | H71: =IF(B71,(C71*SIN(PI()/180*(E71+F71)))," ") -> -93.041757 | K71: =IF(B71,SUM(G71,-$I$12)," ") -> -79.492641 | L71: =IF(B71,SUM(H71,-$J$12)," ") -> -112.24688 | M71: =IF(B71,POWER(K71,2)," ") -> 6319.08 | N71: =IF(B71,POWER(L71,2)," ") -> 12599.363
A72: 9 | B72: 209.15 | C72: 84 | D72: =IF(B72,B72-$C$4," ") -> -60.85 | E72: =IF(B72,INT(D72)," ") -> -61 | F72: =IF(B72,((D72-E72)/60*100)," ") -> 0.25 | G72: =IF(B72,C72*COS(PI()/180*(E72+F72))," ") -> 41.044184 | H72: =IF(B72,(C72*SIN(PI()/180*(E72+F72)))," ") -> -73.289665 | K72: =IF(B72,SUM(G72,-$I$12)," ") -> -75.098579 | L72: =IF(B72,SUM(H72,-$J$12)," ") -> -92.494791 | M72: =IF(B72,POWER(K72,2)," ") -> 5639.7966 | N72: =IF(B72,POWER(L72,2)," ") -> 8555.2863
A73: 10 | B73: 212.2 | C73: 102 | D73: =IF(B73,B73-$C$4," ") -> -57.8 | E73: =IF(B73,INT(D73)," ") -> -58 | F73: =IF(B73,((D73-E73)/60*100)," ") -> 0.33333333 | G73: =IF(B73,C73*COS(PI()/180*(E73+F73))," ") -> 54.554089 | H73: =IF(B73,(C73*SIN(PI()/180*(E73+F73)))," ") -> -86.184983 | K73: =IF(B73,SUM(G73,-$I$12)," ") -> -61.588674 | L73: =IF(B73,SUM(H73,-$J$12)," ") -> -105.39011 | M73: =IF(B73,POWER(K73,2)," ") -> 3793.1648 | N73: =IF(B73,POWER(L73,2)," ") -> 11107.075
A74: 11 | B74: 213 | C74: 104 | D74: =IF(B74,B74-$C$4," ") -> -57 | E74: =IF(B74,INT(D74)," ") -> -57 | F74: =IF(B74,((D74-E74)/60*100)," ") -> 0 | G74: =IF(B74,C74*COS(PI()/180*(E74+F74))," ") -> 56.64246 | H74: =IF(B74,(C74*SIN(PI()/180*(E74+F74)))," ") -> -87.221739 | K74: =IF(B74,SUM(G74,-$I$12)," ") -> -59.500304 | L74: =IF(B74,SUM(H74,-$J$12)," ") -> -106.42687 | M74: =IF(B74,POWER(K74,2)," ") -> 3540.2862 | N74: =IF(B74,POWER(L74,2)," ") -> 11326.678
A75: 12 | B75: 212.1 | C75: 112 | D75: =IF(B75,B75-$C$4," ") -> -57.9 | E75: =IF(B75,INT(D75)," ") -> -58 | F75: =IF(B75,((D75-E75)/60*100)," ") -> 0.16666667 | G75: =IF(B75,C75*COS(PI()/180*(E75+F75))," ") -> 59.626996 | H75: =IF(B75,(C75*SIN(PI()/180*(E75+F75)))," ") -> -94.80834 | K75: =IF(B75,SUM(G75,-$I$12)," ") -> -56.515768 | L75: =IF(B75,SUM(H75,-$J$12)," ") -> -114.01347 | M75: =IF(B75,POWER(K75,2)," ") -> 3194.032 | N75: =IF(B75,POWER(L75,2)," ") -> 12999.07
A76: 13 | B76: 181.45 | C76: 84 | D76: =IF(B76,B76-$C$4," ") -> -88.55 | E76: =IF(B76,INT(D76)," ") -> -89 | F76: =IF(B76,((D76-E76)/60*100)," ") -> 0.75 | G76: =IF(B76,C76*COS(PI()/180*(E76+F76))," ") -> 2.5652351 | H76: =IF(B76,(C76*SIN(PI()/180*(E76+F76)))," ") -> -83.960822 | K76: =IF(B76,SUM(G76,-$I$12)," ") -> -113.57753 | L76: =IF(B76,SUM(H76,-$J$12)," ") -> -103.16595 | M76: =IF(B76,POWER(K76,2)," ") -> 12899.855 | N76: =IF(B76,POWER(L76,2)," ") -> 10643.213
... A79: 16 | B79: 205.4 | C79: 106 | D79: =IF(B79,B79-$C$4," ") -> -64.6 | E79: =IF(B79,INT(D79)," ") -> -65 | F79: =IF(B79,((D79-E79)/60*100)," ") -> 0.66666667 | G79: =IF(B79,C79*COS(PI()/180*(E79+F79))," ") -> 45.912287 | H79: =IF(B79,(C79*SIN(PI()/180*(E79+F79)))," ") -> -95.540891 | K79: =IF(B79,SUM(G79,-$I$12)," ") -> -70.230476 | L79: =IF(B79,SUM(H79,-$J$12)," ") -> -114.74602 | M79: =IF(B79,POWER(K79,2)," ") -> 4932.3198 | N79: =IF(B79,POWER(L79,2)," ") -> 13166.648
A80: 17 | D80: =IF(B80,B80-$C$4," ") | E80: =IF(B80,INT(D80)," ") | F80: =IF(B80,((D80-E80)/60*100)," ") | G80: =IF(B80,C80*COS(PI()/180*(E80+F80))," ") | H80: =IF(B80,(C80*SIN(PI()/180*(E80+F80)))," ") | K80: =IF(B80,SUM(G80,-$I$12)," ") | L80: =IF(B80,SUM(H80,-$J$12)," ") | M80: =IF(B80,POWER(K80,2)," ") | N80: =IF(B80,POWER(L80,2)," ")
A81: 18 | D81: =IF(B81,B81-$C$4," ") | E81: =IF(B81,INT(D81)," ") | F81: =IF(B81,((D81-E81)/60*100)," ") | G81: =IF(B81,C81*COS(PI()/180*(E81+F81))," ") | H81: =IF(B81,(C81*SIN(PI()/180*(E81+F81)))," ") | K81: =IF(B81,SUM(G81,-$I$12)," ") | L81: =IF(B81,SUM(H81,-$J$12)," ") | M81: =IF(B81,POWER(K81,2)," ") | N81: =IF(B81,POWER(L81,2)," ")
A82: 19 | D82: =IF(B82,B82-$C$4," ") | E82: =IF(B82,INT(D82)," ") | F82: =IF(B82,((D82-E82)/60*100)," ") | G82: =IF(B82,C82*COS(PI()/180*(E82+F82))," ") | H82: =IF(B82,(C82*SIN(PI()/180*(E82+F82)))," ") | K82: =IF(B82,SUM(G82,-$I$12)," ") | L82: =IF(B82,SUM(H82,-$J$12)," ") | M82: =IF(B82,POWER(K82,2)," ") | N82: =IF(B82,POWER(L82,2)," ")
A83: 20 | D83: =IF(B83,B83-$C$4," ") | E83: =IF(B83,INT(D83)," ") | F83: =IF(B83,((D83-E83)/60*100)," ") | G83: =IF(B83,C83*COS(PI()/180*(E83+F83))," ") | H83: =IF(B83,(C83*SIN(PI()/180*(E83+F83)))," ") | K83: =IF(B83,SUM(G83,-$I$12)," ") | L83: =IF(B83,SUM(H83,-$J$12)," ") | M83: =IF(B83,POWER(K83,2)," ") | N83: =IF(B83,POWER(L83,2)," ")
A84: 21 | D84: =IF(B84,B84-$C$4," ") | E84: =IF(B84,INT(D84)," ") | F84: =IF(B84,((D84-E84)/60*100)," ") | G84: =IF(B84,C84*COS(PI()/180*(E84+F84))," ") | H84: =IF(B84,(C84*SIN(PI()/180*(E84+F84)))," ") | K84: =IF(B84,SUM(G84,-$I$12)," ") | L84: =IF(B84,SUM(H84,-$J$12)," ") | M84: =IF(B84,POWER(K84,2)," ") | N84: =IF(B84,POWER(L84,2)," ")
A85: 22 | D85: =IF(B85,B85-$C$4," ") | E85: =IF(B85,INT(D85)," ") | F85: =IF(B85,((D85-E85)/60*100)," ") | G85: =IF(B85,C85*COS(PI()/180*(E85+F85))," ") | H85: =IF(B85,(C85*SIN(PI()/180*(E85+F85)))," ") | K85: =IF(B85,SUM(G85,-$I$12)," ") | L85: =IF(B85,SUM(H85,-$J$12)," ") | M85: =IF(B85,POWER(K85,2)," ") | N85: =IF(B85,POWER(L85,2)," ")
A86: 23 | D86: =IF(B86,B86-$C$4," ") | E86: =IF(B86,INT(D86)," ") | F86: =IF(B86,((D86-E86)/60*100)," ") | G86: =IF(B86,C86*COS(PI()/180*(E86+F86))," ") | H86: =IF(B86,(C86*SIN(PI()/180*(E86+F86)))," ") | K86: =IF(B86,SUM(G86,-$I$12)," ") | L86: =IF(B86,SUM(H86,-$J$12)," ") | M86: =IF(B86,POWER(K86,2)," ") | N86: =IF(B86,POWER(L86,2)," ")
A87: 24 | D87: =IF(B87,B87-$C$4," ") | E87: =IF(B87,INT(D87)," ") | F87: =IF(B87,((D87-E87)/60*100)," ") | G87: =IF(B87,C87*COS(PI()/180*(E87+F87))," ") | H87: =IF(B87,(C87*SIN(PI()/180*(E87+F87)))," ") | K87: =IF(B87,SUM(G87,-$I$12)," ") | L87: =IF(B87,SUM(H87,-$J$12)," ") | M87: =IF(B87,POWER(K87,2)," ") | N87: =IF(B87,POWER(L87,2)," ")
A88: КОБЭ от НАР 4
A89: номер п/п | B89: азимут | C89: дальность | D89: Азимут за вычетом боевого курса | E89: градусы | F89: минуты (в сотых градуса) | G89: х | H89: z | I89: Мх | J89: Мz | K89: Хт-Мх | L89: Zт-Мz | M89: (Хт-Мх)*2 | N89: (Zт-Мz)*2 | O89: N-1 | P89: Σ(Хт-Мх)*2 | Q89: Σ(Zт-Мz)*2 | R89: (Σ(Хт-Мх)*2)/(N-1) | S89: (Σ(Zт-Мz)*2)/(N-1) | T89: Сигма X | U89: Сигма Z | V89: σX*σZ | W89: СКО КОБЭ
A90: 1 | B90: 215.15 | C90: 124 | D90: =IF(B90,B90-$C$4," ") -> -54.85 | E90: =IF(B90,INT(D90)," ") -> -55 | F90: =IF(B90,((D90-E90)/60*100)," ") -> 0.25 | G90: =IF(B90,C90*COS(PI()/180*(E90+F90))," ") -> 71.566004 | H90: =IF(B90,(C90*SIN(PI()/180*(E90+F90)))," ") -> -101.26355 | I90: =SUM(G90:G111)/G6 -> 112.25361 | J90: =SUM(H90:H111)/G6 -> -82.33211 | K90: =IF(B90,SUM(G90,-$I$12)," ") -> -44.57676 | L90: =IF(B90,SUM(H90,-$J$12)," ") -> -120.46868 | M90: =IF(B90,POWER(K90,2)," ") -> 1987.0875 | N90: =IF(B90,POWER(L90,2)," ") -> 14512.703 | O90: =G6-1 -> 21 | P90: =SUM(M90:M113) -> 8215.7816 | Q90: =SUM(N90:N113) -> 228604.92 | R90: =PRODUCT(P90,1/$O$38) -> 547.71877 | S90: =PRODUCT(Q90,1/$O$38) -> 15240.328 | T90: =SQRT(R90) -> 23.403392 | U90: =SQRT(S90) -> 123.45172 | V90: =PRODUCT(T90:U90) -> 2889.1891 | W90: =SQRT(V90) -> 53.751178
A91: 2 | B91: 220.2 | C91: 122 | D91: =IF(B91,B91-$C$4," ") -> -49.8 | E91: =IF(B91,INT(D91)," ") -> -50 | F91: =IF(B91,((D91-E91)/60*100)," ") -> 0.33333333 | G91: =IF(B91,C91*COS(PI()/180*(E91+F91))," ") -> 78.962471 | H91: =IF(B91,(C91*SIN(PI()/180*(E91+F91)))," ") -> -92.999613 | K91: =IF(B91,SUM(G91,-$I$12)," ") -> -37.180292 | L91: =IF(B91,SUM(H91,-$J$12)," ") -> -112.20474 | M91: =IF(B91,POWER(K91,2)," ") -> 1382.3741 | N91: =IF(B91,POWER(L91,2)," ") -> 12589.904
A92: 3 | B92: 224.25 | C92: 122 | D92: =IF(B92,B92-$C$4," ") -> -45.75 | E92: =IF(B92,INT(D92)," ") -> -46 | F92: =IF(B92,((D92-E92)/60*100)," ") -> 0.41666667 | G92: =IF(B92,C92*COS(PI()/180*(E92+F92))," ") -> 85.384279 | H92: =IF(B92,(C92*SIN(PI()/180*(E92+F92)))," ") -> -87.140833 | K92: =IF(B92,SUM(G92,-$I$12)," ") -> -30.758484 | L92: =IF(B92,SUM(H92,-$J$12)," ") -> -106.34596 | M92: =IF(B92,POWER(K92,2)," ") -> 946.08436 | N92: =IF(B92,POWER(L92,2)," ") -> 11309.463
A93: 4 | B93: 229.1 | C93: 126 | D93: =IF(B93,B93-$C$4," ") -> -40.9 | E93: =IF(B93,INT(D93)," ") -> -41 | F93: =IF(B93,((D93-E93)/60*100)," ") -> 0.16666667 | G93: =IF(B93,C93*COS(PI()/180*(E93+F93))," ") -> 95.333463 | H93: =IF(B93,(C93*SIN(PI()/180*(E93+F93)))," ") -> -82.386473 | K93: =IF(B93,SUM(G93,-$I$12)," ") -> -20.809301 | L93: =IF(B93,SUM(H93,-$J$12)," ") -> -101.5916 | M93: =IF(B93,POWER(K93,2)," ") -> 433.02701 | N93: =IF(B93,POWER(L93,2)," ") -> 10320.853
A94: 5 | B94: 235.15 | C94: 120 | D94: =IF(B94,B94-$C$4," ") -> -34.85 | E94: =IF(B94,INT(D94)," ") -> -35 | F94: =IF(B94,((D94-E94)/60*100)," ") -> 0.25 | G94: =IF(B94,C94*COS(PI()/180*(E94+F94))," ") -> 98.597633 | H94: =IF(B94,(C94*SIN(PI()/180*(E94+F94)))," ") -> -68.399612 | K94: =IF(B94,SUM(G94,-$I$12)," ") -> -17.545131 | L94: =IF(B94,SUM(H94,-$J$12)," ") -> -87.604737 | M94: =IF(B94,POWER(K94,2)," ") -> 307.83163 | N94: =IF(B94,POWER(L94,2)," ") -> 7674.59
A95: 6 | B95: 234 | C95: 126 | D95: =IF(B95,B95-$C$4," ") -> -36 | E95: =IF(B95,INT(D95)," ") -> -36 | F95: =IF(B95,((D95-E95)/60*100)," ") -> 0 | G95: =IF(B95,C95*COS(PI()/180*(E95+F95))," ") -> 101.93614 | H95: =IF(B95,(C95*SIN(PI()/180*(E95+F95)))," ") -> -74.060942 | K95: =IF(B95,SUM(G95,-$I$12)," ") -> -14.206622 | L95: =IF(B95,SUM(H95,-$J$12)," ") -> -93.266068 | M95: =IF(B95,POWER(K95,2)," ") -> 201.82812 | N95: =IF(B95,POWER(L95,2)," ") -> 8698.5594
A96: 7 | B96: 229.35 | C96: 138 | D96: =IF(B96,B96-$C$4," ") -> -40.65 | E96: =IF(B96,INT(D96)," ") -> -41 | F96: =IF(B96,((D96-E96)/60*100)," ") -> 0.58333333 | G96: =IF(B96,C96*COS(PI()/180*(E96+F96))," ") -> 105.06626 | H96: =IF(B96,(C96*SIN(PI()/180*(E96+F96)))," ") -> -89.471113 | K96: =IF(B96,SUM(G96,-$I$12)," ") -> -11.076499 | L96: =IF(B96,SUM(H96,-$J$12)," ") -> -108.67624 | M96: =IF(B96,POWER(K96,2)," ") -> 122.68883 | N96: =IF(B96,POWER(L96,2)," ") -> 11810.525
A97: 8 | B97: 234.1 | C97: 130 | D97: =IF(B97,B97-$C$4," ") -> -35.9 | E97: =IF(B97,INT(D97)," ") -> -36 | F97: =IF(B97,((D97-E97)/60*100)," ") -> 0.16666667 | G97: =IF(B97,C97*COS(PI()/180*(E97+F97))," ") -> 105.39404 | H97: =IF(B97,(C97*SIN(PI()/180*(E97+F97)))," ") -> -76.105826 | K97: =IF(B97,SUM(G97,-$I$12)," ") -> -10.748726 | L97: =IF(B97,SUM(H97,-$J$12)," ") -> -95.310952 | M97: =IF(B97,POWER(K97,2)," ") -> 115.53511 | N97: =IF(B97,POWER(L97,2)," ") -> 9084.1776
A98: 9 | B98: 229.4 | C98: 142 | D98: =IF(B98,B98-$C$4," ") -> -40.6 | E98: =IF(B98,INT(D98)," ") -> -41 | F98: =IF(B98,((D98-E98)/60*100)," ") -> 0.66666667 | G98: =IF(B98,C98*COS(PI()/180*(E98+F98))," ") -> 108.24545 | H98: =IF(B98,(C98*SIN(PI()/180*(E98+F98)))," ") -> -91.907139 | K98: =IF(B98,SUM(G98,-$I$12)," ") -> -7.8973119 | L98: =IF(B98,SUM(H98,-$J$12)," ") -> -111.11226 | M98: =IF(B98,POWER(K98,2)," ") -> 62.367536 | N98: =IF(B98,POWER(L98,2)," ") -> 12345.935
A99: 10 | B99: 231.45 | C99: 138 | D99: =IF(B99,B99-$C$4," ") -> -38.55 | E99: =IF(B99,INT(D99)," ") -> -39 | F99: =IF(B99,((D99-E99)/60*100)," ") -> 0.75 | G99: =IF(B99,C99*COS(PI()/180*(E99+F99))," ") -> 108.37374 | H99: =IF(B99,(C99*SIN(PI()/180*(E99+F99)))," ") -> -85.434965 | K99: =IF(B99,SUM(G99,-$I$12)," ") -> -7.7690272 | L99: =IF(B99,SUM(H99,-$J$12)," ") -> -104.64009 | M99: =IF(B99,POWER(K99,2)," ") -> 60.357784 | N99: =IF(B99,POWER(L99,2)," ") -> 10949.549
A100: 11 | B100: 236.2 | C100: 136 | D100: =IF(B100,B100-$C$4," ") -> -33.8 | E100: =IF(B100,INT(D100)," ") -> -34 | F100: =IF(B100,((D100-E100)/60*100)," ") -> 0.33333333 | G100: =IF(B100,C100*COS(PI()/180*(E100+F100))," ") -> 113.18964 | H100: =IF(B100,(C100*SIN(PI()/180*(E100+F100)))," ") -> -75.393004 | K100: =IF(B100,SUM(G100,-$I$12)," ") -> -2.953122 | L100: =IF(B100,SUM(H100,-$J$12)," ") -> -94.59813 | M100: =IF(B100,POWER(K100,2)," ") -> 8.7209298 | N100: =IF(B100,POWER(L100,2)," ") -> 8948.8062
A101: 12 | B101: 235 | C101: 140 | D101: =IF(B101,B101-$C$4," ") -> -35 | E101: =IF(B101,INT(D101)," ") -> -35 | F101: =IF(B101,((D101-E101)/60*100)," ") -> 0 | G101: =IF(B101,C101*COS(PI()/180*(E101+F101))," ") -> 114.68129 | H101: =IF(B101,(C101*SIN(PI()/180*(E101+F101)))," ") -> -80.300701 | K101: =IF(B101,SUM(G101,-$I$12)," ") -> -1.4614775 | L101: =IF(B101,SUM(H101,-$J$12)," ") -> -99.505827 | M101: =IF(B101,POWER(K101,2)," ") -> 2.1359164 | N101: =IF(B101,POWER(L101,2)," ") -> 9901.4096
A102: 13 | B102: 233.4 | C102: 144 | D102: =IF(B102,B102-$C$4," ") -> -36.6 | E102: =IF(B102,INT(D102)," ") -> -37 | F102: =IF(B102,((D102-E102)/60*100)," ") -> 0.66666667 | G102: =IF(B102,C102*COS(PI()/180*(E102+F102))," ") -> 116.00406 | H102: =IF(B102,(C102*SIN(PI()/180*(E102+F102)))," ") -> -85.317401 | K102: =IF(B102,SUM(G102,-$I$12)," ") -> -0.13870705 | L102: =IF(B102,SUM(H102,-$J$12)," ") -> -104.52253 | M102: =IF(B102,POWER(K102,2)," ") -> 0.019239645 | N102: =IF(B102,POWER(L102,2)," ") -> 10924.959
... A111: 22 | B111: 239.55 | C111: 172 | D111: =IF(B111,B111-$C$4," ") -> -30.45 | E111: =IF(B111,INT(D111)," ") -> -31 | F111: =IF(B111,((D111-E111)/60*100)," ") -> 0.91666667 | G111: =IF(B111,C111*COS(PI()/180*(E111+F111))," ") -> 148.83113 | H111: =IF(B111,(C111*SIN(PI()/180*(E111+F111)))," ") -> -86.216557 | K111: =IF(B111,SUM(G111,-$I$12)," ") -> 32.688366 | L111: =IF(B111,SUM(H111,-$J$12)," ") -> -105.42168 | M111: =IF(B111,POWER(K111,2)," ") -> 1068.5293 | N111: =IF(B111,POWER(L111,2)," ") -> 11113.731
A112: 23 | D112: =IF(B112,B112-$C$4," ") | E112: =IF(B112,INT(D112)," ") | F112: =IF(B112,((D112-E112)/60*100)," ") | G112: =IF(B112,C112*COS(PI()/180*(E112+F112))," ") | H112: =IF(B112,(C112*SIN(PI()/180*(E112+F112)))," ") | K112: =IF(B112,SUM(G112,-$I$12)," ") | L112: =IF(B112,SUM(H112,-$J$12)," ") | M112: =IF(B112,POWER(K112,2)," ") | N112: =IF(B112,POWER(L112,2)," ")
A113: 24 | D113: =IF(B113,B113-$C$4," ") | E113: =IF(B113,INT(D113)," ") | F113: =IF(B113,((D113-E113)/60*100)," ") | G113: =IF(B113,C113*COS(PI()/180*(E113+F113))," ") | H113: =IF(B113,(C113*SIN(PI()/180*(E113+F113)))," ") | K113: =IF(B113,SUM(G113,-$I$12)," ") | L113: =IF(B113,SUM(H113,-$J$12)," ") | M113: =IF(B113,POWER(K113,2)," ") | N113: =IF(B113,POWER(L113,2)," ")

Sheet 240-8
B1: 240-8
B2: Канал | C2: курс | D2: Vпр | E2: Нпус | F2: Дпус | I2: Центр рассеивания НАР
B3: ЦУ | D3: км/ч | E3: м | F3: м
B4: НВГЦ/ЛЦУ | C4: 270 | I4: =IF(E6,((I12+I38)/2),I12) -> 144.1354 | J4: =IF(E6,((J12+J38)/2),J12) -> -28.705682
B5: Число КОБЭ | C5: Всего | D5: НАР 1 | E5: НАР 2 | I5: x | J5: z
C6: 23 | D6: 23 | E6: 0
A10: КОБЭ от НАР 1
A11: номер п/п | B11: азимут | C11: дальность | D11: Азимут за вычетом боевого курса | E11: градусы | F11: минуты (в сотых градуса) | G11: х | H11: z | I11: Мх | J11: Мz | K11: Хт-Мх | L11: Zт-Мz | M11: (Хт-Мх)*2 | N11: (Zт-Мz)*2 | O11: N-1 | P11: Σ(Хт-Мх)*2 | Q11: Σ(Zт-Мz)*2 | R11: (Σ(Хт-Мх)*2)/(N-1) | S11: (Σ(Zт-Мz)*2)/(N-1) | T11: Сигма X | U11: Сигма Z | V11: σX*σZ | W11: СКО КОБЭ
A12: 1 | B12: 255.55 | C12: 80 | D12: =IF(B12,B12-$C$4," ") -> -14.45 | E12: =IF(B12,INT(D12)," ") -> -15 | F12: =IF(B12,((D12-E12)/60*100)," ") -> 0.91666667 | G12: =IF(B12,C12*COS(PI()/180*(E12+F12))," ") -> 77.595427 | H12: =IF(B12,(C12*SIN(PI()/180*(E12+F12)))," ") -> -19.46663 | I12: =SUM(G12:G34)/D6 -> 144.1354 | J12: =SUM(H12:H34)/D6 -> -28.705682 | K12: =IF(B12,SUM(G12,-$I$12)," ") -> -66.53997 | L12: =IF(B12,SUM(H12,-$J$12)," ") -> 9.2390519 | M12: =IF(B12,POWER(K12,2)," ") -> 4427.5675 | N12: =IF(B12,POWER(L12,2)," ") -> 85.360079 | O12: =D6-1 -> 22 | P12: =SUM(M12:M35) -> 27592.728 | Q12: =SUM(N12:N35) -> 1122.6105 | R12: =PRODUCT(P12,1/$O$12) -> 1254.2149 | S12: =PRODUCT(Q12,1/$O$12) -> 51.027748 | T12: =SQRT(R12) -> 35.414897 | U12: =SQRT(S12) -> 7.1433709 | V12: =PRODUCT(T12:U12) -> 252.98174 | W12: =SQRT(V12) -> 15.9054
A13: 2 | B13: 256.35 | C13: 90 | D13: =IF(B13,B13-$C$4," ") -> -13.65 | E13: =IF(B13,INT(D13)," ") -> -14 | F13: =IF(B13,((D13-E13)/60*100)," ") -> 0.58333333 | G13: =IF(B13,C13*COS(PI()/180*(E13+F13))," ") -> 87.543758 | H13: =IF(B13,(C13*SIN(PI()/180*(E13+F13)))," ") -> -20.882778 | K13: =IF(B13,SUM(G13,-$I$12)," ") -> -56.591638 | L13: =IF(B13,SUM(H13,-$J$12)," ") -> 7.8229044 | M13: =IF(B13,POWER(K13,2)," ") -> 3202.6135 | N13: =IF(B13,POWER(L13,2)," ") -> 61.197833
A14: 3 | B14: 256.55 | C14: 120 | D14: =IF(B14,B14-$C$4," ") -> -13.45 | E14: =IF(B14,INT(D14)," ") -> -14 | F14: =IF(B14,((D14-E14)/60*100)," ") -> 0.91666667 | G14: =IF(B14,C14*COS(PI()/180*(E14+F14))," ") -> 116.88502 | H14: =IF(B14,(C14*SIN(PI()/180*(E14+F14)))," ") -> -27.164158 | K14: =IF(B14,SUM(G14,-$I$12)," ") -> -27.250374 | L14: =IF(B14,SUM(H14,-$J$12)," ") -> 1.5415245 | M14: =IF(B14,POWER(K14,2)," ") -> 742.58288 | N14: =IF(B14,POWER(L14,2)," ") -> 2.3762977
A15: 4 | B15: 257.05 | C15: 126 | D15: =IF(B15,B15-$C$4," ") -> -12.95 | E15: =IF(B15,INT(D15)," ") -> -13 | F15: =IF(B15,((D15-E15)/60*100)," ") -> 0.083333333 | G15: =IF(B15,C15*COS(PI()/180*(E15+F15))," ") -> 122.81172 | H15: =IF(B15,(C15*SIN(PI()/180*(E15+F15)))," ") -> -28.16524 | K15: =IF(B15,SUM(G15,-$I$12)," ") -> -21.323674 | L15: =IF(B15,SUM(H15,-$J$12)," ") -> 0.54044174 | M15: =IF(B15,POWER(K15,2)," ") -> 454.69907 | N15: =IF(B15,POWER(L15,2)," ") -> 0.29207728
A16: 5 | B16: 256.1 | C16: 130 | D16: =IF(B16,B16-$C$4," ") -> -13.9 | E16: =IF(B16,INT(D16)," ") -> -14 | F16: =IF(B16,((D16-E16)/60*100)," ") -> 0.16666667 | G16: =IF(B16,C16*COS(PI()/180*(E16+F16))," ") -> 126.22939 | H16: =IF(B16,(C16*SIN(PI()/180*(E16+F16)))," ") -> -31.082792 | K16: =IF(B16,SUM(G16,-$I$12)," ") -> -17.906002 | L16: =IF(B16,SUM(H16,-$J$12)," ") -> -2.37711 | M16: =IF(B16,POWER(K16,2)," ") -> 320.62491 | N16: =IF(B16,POWER(L16,2)," ") -> 5.6506519
A17: 6 | B17: 259 | C17: 132 | D17: =IF(B17,B17-$C$4," ") -> -11 | E17: =IF(B17,INT(D17)," ") -> -11 | F17: =IF(B17,((D17-E17)/60*100)," ") -> 0 | G17: =IF(B17,C17*COS(PI()/180*(E17+F17))," ") -> 129.57479 | H17: =IF(B17,(C17*SIN(PI()/180*(E17+F17)))," ") -> -25.186787 | K17: =IF(B17,SUM(G17,-$I$12)," ") -> -14.560608 | L17: =IF(B17,SUM(H17,-$J$12)," ") -> 3.5188946 | M17: =IF(B17,POWER(K17,2)," ") -> 212.01132 | N17: =IF(B17,POWER(L17,2)," ") -> 12.38262
A18: 7 | B18: 261.35 | C18: 138 | D18: =IF(B18,B18-$C$4," ") -> -8.65 | E18: =IF(B18,INT(D18)," ") -> -9 | F18: =IF(B18,((D18-E18)/60*100)," ") -> 0.58333333 | G18: =IF(B18,C18*COS(PI()/180*(E18+F18))," ") -> 136.51371 | H18: =IF(B18,(C18*SIN(PI()/180*(E18+F18)))," ") -> -20.199169 | K18: =IF(B18,SUM(G18,-$I$12)," ") -> -7.6216847 | L18: =IF(B18,SUM(H18,-$J$12)," ") -> 8.506513 | M18: =IF(B18,POWER(K18,2)," ") -> 58.090077 | N18: =IF(B18,POWER(L18,2)," ") -> 72.360764
A19: 8 | B19: 255.55 | C19: 146 | D19: =IF(B19,B19-$C$4," ") -> -14.45 | E19: =IF(B19,INT(D19)," ") -> -15 | F19: =IF(B19,((D19-E19)/60*100)," ") -> 0.91666667 | G19: =IF(B19,C19*COS(PI()/180*(E19+F19))," ") -> 141.61165 | H19: =IF(B19,(C19*SIN(PI()/180*(E19+F19)))," ") -> -35.5266 | K19: =IF(B19,SUM(G19,-$I$12)," ") -> -2.5237422 | L19: =IF(B19,SUM(H19,-$J$12)," ") -> -6.820918 | M19: =IF(B19,POWER(K19,2)," ") -> 6.3692746 | N19: =IF(B19,POWER(L19,2)," ") -> 46.524923
A20: 9 | B20: 262.05 | C20: 160 | D20: =IF(B20,B20-$C$4," ") -> -7.95 | E20: =IF(B20,INT(D20)," ") -> -8 | F20: =IF(B20,((D20-E20)/60*100)," ") -> 0.083333333 | G20: =IF(B20,C20*COS(PI()/180*(E20+F20))," ") -> 158.47511 | H20: =IF(B20,(C20*SIN(PI()/180*(E20+F20)))," ") -> -22.037227 | K20: =IF(B20,SUM(G20,-$I$12)," ") -> 14.339714 | L20: =IF(B20,SUM(H20,-$J$12)," ") -> 6.6684552 | M20: =IF(B20,POWER(K20,2)," ") -> 205.62739 | N20: =IF(B20,POWER(L20,2)," ") -> 44.468295
A21: 10 | B21: 263.05 | C21: 164 | D21: =IF(B21,B21-$C$4," ") -> -6.95 | E21: =IF(B21,INT(D21)," ") -> -7 | F21: =IF(B21,((D21-E21)/60*100)," ") -> 0.083333333 | G21: =IF(B21,C21*COS(PI()/180*(E21+F21))," ") -> 162.80647 | H21: =IF(B21,(C21*SIN(PI()/180*(E21+F21)))," ") -> -19.749801 | K21: =IF(B21,SUM(G21,-$I$12)," ") -> 18.671069 | L21: =IF(B21,SUM(H21,-$J$12)," ") -> 8.9558811 | M21: =IF(B21,POWER(K21,2)," ") -> 348.60883 | N21: =IF(B21,POWER(L21,2)," ") -> 80.207807
A22: 11 | B22: 257.25 | C22: 164 | D22: =IF(B22,B22-$C$4," ") -> -12.75 | E22: =IF(B22,INT(D22)," ") -> -13 | F22: =IF(B22,((D22-E22)/60*100)," ") -> 0.41666667 | G22: =IF(B22,C22*COS(PI()/180*(E22+F22))," ") -> 160.06075 | H22: =IF(B22,(C22*SIN(PI()/180*(E22+F22)))," ") -> -35.728933 | K22: =IF(B22,SUM(G22,-$I$12)," ") -> 15.925352 | L22: =IF(B22,SUM(H22,-$J$12)," ") -> -7.0232513 | M22: =IF(B22,POWER(K22,2)," ") -> 253.61684 | N22: =IF(B22,POWER(L22,2)," ") -> 49.326059
A23: 12 | B23: 259.05 | C23: 166 | D23: =IF(B23,B23-$C$4," ") -> -10.95 | E23: =IF(B23,INT(D23)," ") -> -11 | F23: =IF(B23,((D23-E23)/60*100)," ") -> 0.083333333 | G23: =IF(B23,C23*COS(PI()/180*(E23+F23))," ") -> 162.99601 | H23: =IF(B23,(C23*SIN(PI()/180*(E23+F23)))," ") -> -31.437258 | K23: =IF(B23,SUM(G23,-$I$12)," ") -> 18.860612 | L23: =IF(B23,SUM(H23,-$J$12)," ") -> -2.7315764 | M23: =IF(B23,POWER(K23,2)," ") -> 355.72268 | N23: =IF(B23,POWER(L23,2)," ") -> 7.4615099
A24: 13 | B24: 258.4 | C24: 176 | D24: =IF(B24,B24-$C$4," ") -> -11.6 | E24: =IF(B24,INT(D24)," ") -> -12 | F24: =IF(B24,((D24-E24)/60*100)," ") -> 0.66666667 | G24: =IF(B24,C24*COS(PI()/180*(E24+F24))," ") -> 172.56809 | H24: =IF(B24,(C24*SIN(PI()/180*(E24+F24)))," ") -> -34.586923 | K24: =IF(B24,SUM(G24,-$I$12)," ") -> 28.432691 | L24: =IF(B24,SUM(H24,-$J$12)," ") -> -5.8812412 | M24: =IF(B24,POWER(K24,2)," ") -> 808.41789 | N24: =IF(B24,POWER(L24,2)," ") -> 34.588999
... A34: 23 | B34: 261.15 | C34: 198 | D34: =IF(B34,B34-$C$4," ") -> -8.85 | E34: =IF(B34,INT(D34)," ") -> -9 | F34: =IF(B34,((D34-E34)/60*100)," ") -> 0.25 | G34: =IF(B34,C34*COS(PI()/180*(E34+F34))," ") -> 195.69558 | H34: =IF(B34,(C34*SIN(PI()/180*(E34+F34)))," ") -> -30.12043 | K34: =IF(B34,SUM(G34,-$I$12)," ") -> 51.560182 | L34: =IF(B34,SUM(H34,-$J$12)," ") -> -1.4147484 | M34: =IF(B34,POWER(K34,2)," ") -> 2658.4524 | N34: =IF(B34,POWER(L34,2)," ") -> 2.0015131
A35: 24 | D35: =IF(B35,B35-$C$4," ") | E35: =IF(B35,INT(D35)," ") | F35: =IF(B35,((D35-E35)/60*100)," ") | G35: =IF(B35,C35*COS(PI()/180*(E35+F35))," ") | H35: =IF(B35,(C35*SIN(PI()/180*(E35+F35)))," ") | K35: =IF(B35,SUM(G35,-$I$12)," ") | L35: =IF(B35,SUM(H35,-$J$12)," ") | M35: =IF(B35,POWER(K35,2)," ") | N35: =IF(B35,POWER(L35,2)," ")
A36: КОБЭ от НАР 2
A37: номер п/п | B37: азимут | C37: дальность | D37: Азимут за вычетом боевого курса | E37: градусы | F37: минуты (в сотых градуса) | G37: х | H37: z | I37: Мх | J37: Мz | K37: Хт-Мх | L37: Zт-Мz | M37: (Хт-Мх)*2 | N37: (Zт-Мz)*2 | O37: N-1 | P37: Σ(Хт-Мх)*2 | Q37: Σ(Zт-Мz)*2 | R37: (Σ(Хт-Мх)*2)/(N-1) | S37: (Σ(Zт-Мz)*2)/(N-1) | T37: Сигма X | U37: Сигма Z | V37: σX*σZ | W37: СКО КОБЭ
A38: 1 | D38: =IF(B38,B38-$C$4," ") | E38: =IF(B38,INT(D38)," ") | F38: =IF(B38,((D38-E38)/60*100)," ") | G38: =IF(B38,C38*COS(PI()/180*(E38+F38))," ") | H38: =IF(B38,(C38*SIN(PI()/180*(E38+F38)))," ") | I38: =SUM(G38:G61)/E6 -> #DIV/0! | J38: =SUM(H38:H61)/E6 -> #DIV/0! | K38: =IF(B38,SUM(G38,-$I$12)," ") | L38: =IF(B38,SUM(H38,-$J$12)," ") | M38: =IF(B38,POWER(K38,2)," ") | N38: =IF(B38,POWER(L38,2)," ") | O38: =E6-1 -> -1 | P38: =SUM(M38:M61) -> 0 | Q38: =SUM(N38:N61) -> 0 | R38: =PRODUCT(P38,1/$O$38) -> 0 | S38: =PRODUCT(Q38,1/$O$38) -> 0 | T38: =SQRT(R38) -> 0 | U38: =SQRT(S38) -> 0 | V38: =PRODUCT(T38:U38) -> 0 | W38: =SQRT(V38) -> 0
A39: 2 | D39: =IF(B39,B39-$C$4," ") | E39: =IF(B39,INT(D39)," ") | F39: =IF(B39,((D39-E39)/60*100)," ") | G39: =IF(B39,C39*COS(PI()/180*(E39+F39))," ") | H39: =IF(B39,(C39*SIN(PI()/180*(E39+F39)))," ") | K39: =IF(B39,SUM(G39,-$I$12)," ") | L39: =IF(B39,SUM(H39,-$J$12)," ") | M39: =IF(B39,POWER(K39,2)," ") | N39: =IF(B39,POWER(L39,2)," ")
A40: 3 | D40: =IF(B40,B40-$C$4," ") | E40: =IF(B40,INT(D40)," ") | F40: =IF(B40,((D40-E40)/60*100)," ") | G40: =IF(B40,C40*COS(PI()/180*(E40+F40))," ") | H40: =IF(B40,(C40*SIN(PI()/180*(E40+F40)))," ") | K40: =IF(B40,SUM(G40,-$I$12)," ") | L40: =IF(B40,SUM(H40,-$J$12)," ") | M40: =IF(B40,POWER(K40,2)," ") | N40: =IF(B40,POWER(L40,2)," ")
A41: 4 | D41: =IF(B41,B41-$C$4," ") | E41: =IF(B41,INT(D41)," ") | F41: =IF(B41,((D41-E41)/60*100)," ") | G41: =IF(B41,C41*COS(PI()/180*(E41+F41))," ") | H41: =IF(B41,(C41*SIN(PI()/180*(E41+F41)))," ") | K41: =IF(B41,SUM(G41,-$I$12)," ") | L41: =IF(B41,SUM(H41,-$J$12)," ") | M41: =IF(B41,POWER(K41,2)," ") | N41: =IF(B41,POWER(L41,2)," ")
A42: 5 | D42: =IF(B42,B42-$C$4," ") | E42: =IF(B42,INT(D42)," ") | F42: =IF(B42,((D42-E42)/60*100)," ") | G42: =IF(B42,C42*COS(PI()/180*(E42+F42))," ") | H42: =IF(B42,(C42*SIN(PI()/180*(E42+F42)))," ") | K42: =IF(B42,SUM(G42,-$I$12)," ") | L42: =IF(B42,SUM(H42,-$J$12)," ") | M42: =IF(B42,POWER(K42,2)," ") | N42: =IF(B42,POWER(L42,2)," ")
A43: 6 | D43: =IF(B43,B43-$C$4," ") | E43: =IF(B43,INT(D43)," ") | F43: =IF(B43,((D43-E43)/60*100)," ") | G43: =IF(B43,C43*COS(PI()/180*(E43+F43))," ") | H43: =IF(B43,(C43*SIN(PI()/180*(E43+F43)))," ") | K43: =IF(B43,SUM(G43,-$I$12)," ") | L43: =IF(B43,SUM(H43,-$J$12)," ") | M43: =IF(B43,POWER(K43,2)," ") | N43: =IF(B43,POWER(L43,2)," ")
A44: 7 | D44: =IF(B44,B44-$C$4," ") | E44: =IF(B44,INT(D44)," ") | F44: =IF(B44,((D44-E44)/60*100)," ") | G44: =IF(B44,C44*COS(PI()/180*(E44+F44))," ") | H44: =IF(B44,(C44*SIN(PI()/180*(E44+F44)))," ") | K44: =IF(B44,SUM(G44,-$I$12)," ") | L44: =IF(B44,SUM(H44,-$J$12)," ") | M44: =IF(B44,POWER(K44,2)," ") | N44: =IF(B44,POWER(L44,2)," ")
A45: 8 | D45: =IF(B45,B45-$C$4," ") | E45: =IF(B45,INT(D45)," ") | F45: =IF(B45,((D45-E45)/60*100)," ") | G45: =IF(B45,C45*COS(PI()/180*(E45+F45))," ") | H45: =IF(B45,(C45*SIN(PI()/180*(E45+F45)))," ") | K45: =IF(B45,SUM(G45,-$I$12)," ") | L45: =IF(B45,SUM(H45,-$J$12)," ") | M45: =IF(B45,POWER(K45,2)," ") | N45: =IF(B45,POWER(L45,2)," ")
A46: 9 | D46: =IF(B46,B46-$C$4," ") | E46: =IF(B46,INT(D46)," ") | F46: =IF(B46,((D46-E46)/60*100)," ") | G46: =IF(B46,C46*COS(PI()/180*(E46+F46))," ") | H46: =IF(B46,(C46*SIN(PI()/180*(E46+F46)))," ") | K46: =IF(B46,SUM(G46,-$I$12)," ") | L46: =IF(B46,SUM(H46,-$J$12)," ") | M46: =IF(B46,POWER(K46,2)," ") | N46: =IF(B46,POWER(L46,2)," ")
A47: 10 | D47: =IF(B47,B47-$C$4," ") | E47: =IF(B47,INT(D47)," ") | F47: =IF(B47,((D47-E47)/60*100)," ") | G47: =IF(B47,C47*COS(PI()/180*(E47+F47))," ") | H47: =IF(B47,(C47*SIN(PI()/180*(E47+F47)))," ") | K47: =IF(B47,SUM(G47,-$I$12)," ") | L47: =IF(B47,SUM(H47,-$J$12)," ") | M47: =IF(B47,POWER(K47,2)," ") | N47: =IF(B47,POWER(L47,2)," ")
A48: 11 | D48: =IF(B48,B48-$C$4," ") | E48: =IF(B48,INT(D48)," ") | F48: =IF(B48,((D48-E48)/60*100)," ") | G48: =IF(B48,C48*COS(PI()/180*(E48+F48))," ") | H48: =IF(B48,(C48*SIN(PI()/180*(E48+F48)))," ") | K48: =IF(B48,SUM(G48,-$I$12)," ") | L48: =IF(B48,SUM(H48,-$J$12)," ") | M48: =IF(B48,POWER(K48,2)," ") | N48: =IF(B48,POWER(L48,2)," ")
A49: 12 | D49: =IF(B49,B49-$C$4," ") | E49: =IF(B49,INT(D49)," ") | F49: =IF(B49,((D49-E49)/60*100)," ") | G49: =IF(B49,C49*COS(PI()/180*(E49+F49))," ") | H49: =IF(B49,(C49*SIN(PI()/180*(E49+F49)))," ") | K49: =IF(B49,SUM(G49,-$I$12)," ") | L49: =IF(B49,SUM(H49,-$J$12)," ") | M49: =IF(B49,POWER(K49,2)," ") | N49: =IF(B49,POWER(L49,2)," ")
A50: 13 | D50: =IF(B50,B50-$C$4," ") | E50: =IF(B50,INT(D50)," ") | F50: =IF(B50,((D50-E50)/60*100)," ") | G50: =IF(B50,C50*COS(PI()/180*(E50+F50))," ") | H50: =IF(B50,(C50*SIN(PI()/180*(E50+F50)))," ") | K50: =IF(B50,SUM(G50,-$I$12)," ") | L50: =IF(B50,SUM(H50,-$J$12)," ") | M50: =IF(B50,POWER(K50,2)," ") | N50: =IF(B50,POWER(L50,2)," ")
... A61: 24 | D61: =IF(B61,B61-$C$4," ") | E61: =IF(B61,INT(D61)," ") | F61: =IF(B61,((D61-E61)/60*100)," ") | G61: =IF(B61,C61*COS(PI()/180*(E61+F61))," ") | H61: =IF(B61,(C61*SIN(PI()/180*(E61+F61)))," ") | K61: =IF(B61,SUM(G61,-$I$12)," ") | L61: =IF(B61,SUM(H61,-$J$12)," ") | M61: =IF(B61,POWER(K61,2)," ") | N61: =IF(B61,POWER(L61,2)," ")

Sheet 240-9
B1: 240-9
B2: Канал | C2: курс | D2: Vпр | E2: Нпус | F2: Дпус | I2: Центр рассеивания НАР
B3: ЦУ | D3: км/ч | E3: м | F3: м
B4: НВГЦ/ЛЦУ | C4: 270 | I4: =(I12+I38)/2 -> 156.44359 | J4: =(J12+J38)/2 -> -54.62697
B5: Число КОБЭ | C5: Всего | D5: НАР 1 | E5: НАР 2 | I5: x | J5: z
C6: 44 | D6: 21 | E6: 23
A10: КОБЭ от НАР 1
A11: номер п/п | B11: азимут | C11: дальность | D11: Азимут за вычетом боевого курса | E11: градусы | F11: минуты (в сотых градуса) | G11: х | H11: z | I11: Мх | J11: Мz | K11: Хт-Мх | L11: Zт-Мz | M11: (Хт-Мх)*2 | N11: (Zт-Мz)*2 | O11: N-1 | P11: Σ(Хт-Мх)*2 | Q11: Σ(Zт-Мz)*2 | R11: (Σ(Хт-Мх)*2)/(N-1) | S11: (Σ(Zт-Мz)*2)/(N-1) | T11: Сигма X | U11: Сигма Z | V11: σX*σZ | W11: СКО КОБЭ
A12: 1 | B12: 274.4 | C12: 138 | D12: =IF(B12,B12-$C$4," ") -> 4.4 | E12: =IF(B12,INT(D12)," ") -> 4 | F12: =IF(B12,((D12-E12)/60*100)," ") -> 0.66666667 | G12: =IF(B12,C12*COS(PI()/180*(E12+F12))," ") -> 137.54251 | H12: =IF(B12,(C12*SIN(PI()/180*(E12+F12)))," ") -> 11.227497 | I12: =SUM(G12:G32)/D6 -> 187.28076 | J12: =SUM(H12:H32)/D6 -> 3.773773 | K12: =IF(B12,SUM(G12,-$I$12)," ") -> -49.738249 | L12: =IF(B12,SUM(H12,-$J$12)," ") -> 7.4537241 | M12: =IF(B12,POWER(K12,2)," ") -> 2473.8934 | N12: =IF(B12,POWER(L12,2)," ") -> 55.558003 | O12: =D6-1 -> 20 | P12: =SUM(M12:M35) -> 22707.827 | Q12: =SUM(N12:N35) -> 1641.3306 | R12: =PRODUCT(P12,1/$O$12) -> 1135.3913 | S12: =PRODUCT(Q12,1/$O$12) -> 82.066531 | T12: =SQRT(R12) -> 33.695569 | U12: =SQRT(S12) -> 9.059058 | V12: =PRODUCT(T12:U12) -> 305.25011 | W12: =SQRT(V12) -> 17.471408
A13: 2 | B13: 272.5 | C13: 140 | D13: =IF(B13,B13-$C$4," ") -> 2.5 | E13: =IF(B13,INT(D13)," ") -> 2 | F13: =IF(B13,((D13-E13)/60*100)," ") -> 0.83333333 | G13: =IF(B13,C13*COS(PI()/180*(E13+F13))," ") -> 139.82886 | H13: =IF(B13,(C13*SIN(PI()/180*(E13+F13)))," ") -> 6.9203181 | K13: =IF(B13,SUM(G13,-$I$12)," ") -> -47.451907 | L13: =IF(B13,SUM(H13,-$J$12)," ") -> 3.1465451 | M13: =IF(B13,POWER(K13,2)," ") -> 2251.6835 | N13: =IF(B13,POWER(L13,2)," ") -> 9.9007459
A14: 3 | B14: 271.1 | C14: 140 | D14: =IF(B14,B14-$C$4," ") -> 1.1 | E14: =IF(B14,INT(D14)," ") -> 1 | F14: =IF(B14,((D14-E14)/60*100)," ") -> 0.16666667 | G14: =IF(B14,C14*COS(PI()/180*(E14+F14))," ") -> 139.97098 | H14: =IF(B14,(C14*SIN(PI()/180*(E14+F14)))," ") -> 2.8505075 | K14: =IF(B14,SUM(G14,-$I$12)," ") -> -47.309786 | L14: =IF(B14,SUM(H14,-$J$12)," ") -> -0.92326554 | M14: =IF(B14,POWER(K14,2)," ") -> 2238.2159 | N14: =IF(B14,POWER(L14,2)," ") -> 0.85241926
A15: 4 | B15: 270.05 | C15: 146 | D15: =IF(B15,B15-$C$4," ") -> 0.05 | E15: =IF(B15,INT(D15)," ") -> 0 | F15: =IF(B15,((D15-E15)/60*100)," ") -> 0.083333333 | G15: =IF(B15,C15*COS(PI()/180*(E15+F15))," ") -> 145.99985 | H15: =IF(B15,(C15*SIN(PI()/180*(E15+F15)))," ") -> 0.21234832 | K15: =IF(B15,SUM(G15,-$I$12)," ") -> -41.280918 | L15: =IF(B15,SUM(H15,-$J$12)," ") -> -3.5614247 | M15: =IF(B15,POWER(K15,2)," ") -> 1704.1142 | N15: =IF(B15,POWER(L15,2)," ") -> 12.683746
A16: 5 | B16: 269.5 | C16: 150 | D16: =IF(B16,B16-$C$4," ") -> -0.5 | E16: =IF(B16,INT(D16)," ") -> -1 | F16: =IF(B16,((D16-E16)/60*100)," ") -> 0.83333333 | G16: =IF(B16,C16*COS(PI()/180*(E16+F16))," ") -> 149.99937 | H16: =IF(B16,(C16*SIN(PI()/180*(E16+F16)))," ") -> -0.4363317 | K16: =IF(B16,SUM(G16,-$I$12)," ") -> -37.281398 | L16: =IF(B16,SUM(H16,-$J$12)," ") -> -4.2101047 | M16: =IF(B16,POWER(K16,2)," ") -> 1389.9027 | N16: =IF(B16,POWER(L16,2)," ") -> 17.724982
A17: 6 | B17: 274.55 | C17: 150 | D17: =IF(B17,B17-$C$4," ") -> 4.55 | E17: =IF(B17,INT(D17)," ") -> 4 | F17: =IF(B17,((D17-E17)/60*100)," ") -> 0.91666667 | G17: =IF(B17,C17*COS(PI()/180*(E17+F17))," ") -> 149.44806 | H17: =IF(B17,(C17*SIN(PI()/180*(E17+F17)))," ") -> 12.856012 | K17: =IF(B17,SUM(G17,-$I$12)," ") -> -37.832703 | L17: =IF(B17,SUM(H17,-$J$12)," ") -> 9.0822387 | M17: =IF(B17,POWER(K17,2)," ") -> 1431.3134 | N17: =IF(B17,POWER(L17,2)," ") -> 82.48706
A18: 7 | B18: 271.2 | C18: 166 | D18: =IF(B18,B18-$C$4," ") -> 1.2 | E18: =IF(B18,INT(D18)," ") -> 1 | F18: =IF(B18,((D18-E18)/60*100)," ") -> 0.33333333 | G18: =IF(B18,C18*COS(PI()/180*(E18+F18))," ") -> 165.95505 | H18: =IF(B18,(C18*SIN(PI()/180*(E18+F18)))," ") -> 3.8626468 | K18: =IF(B18,SUM(G18,-$I$12)," ") -> -21.32571 | L18: =IF(B18,SUM(H18,-$J$12)," ") -> 0.08887376 | M18: =IF(B18,POWER(K18,2)," ") -> 454.78589 | N18: =IF(B18,POWER(L18,2)," ") -> 0.0078985452
A19: 8 | B19: 274.5 | C19: 186 | D19: =IF(B19,B19-$C$4," ") -> 4.5 | E19: =IF(B19,INT(D19)," ") -> 4 | F19: =IF(B19,((D19-E19)/60*100)," ") -> 0.83333333 | G19: =IF(B19,C19*COS(PI()/180*(E19+F19))," ") -> 185.33859 | H19: =IF(B19,(C19*SIN(PI()/180*(E19+F19)))," ") -> 15.671907 | K19: =IF(B19,SUM(G19,-$I$12)," ") -> -1.9421781 | L19: =IF(B19,SUM(H19,-$J$12)," ") -> 11.898134 | M19: =IF(B19,POWER(K19,2)," ") -> 3.7720558 | N19: =IF(B19,POWER(L19,2)," ") -> 141.5656
A20: 9 | B20: 275.2 | C20: 196 | D20: =IF(B20,B20-$C$4," ") -> 5.2 | E20: =IF(B20,INT(D20)," ") -> 5 | F20: =IF(B20,((D20-E20)/60*100)," ") -> 0.33333333 | G20: =IF(B20,C20*COS(PI()/180*(E20+F20))," ") -> 195.15147 | H20: =IF(B20,(C20*SIN(PI()/180*(E20+F20)))," ") -> 18.218173 | K20: =IF(B20,SUM(G20,-$I$12)," ") -> 7.8707112 | L20: =IF(B20,SUM(H20,-$J$12)," ") -> 14.4444 | M20: =IF(B20,POWER(K20,2)," ") -> 61.948095 | N20: =IF(B20,POWER(L20,2)," ") -> 208.64068
A21: 10 | B21: 271.3 | C21: 194 | D21: =IF(B21,B21-$C$4," ") -> 1.3 | E21: =IF(B21,INT(D21)," ") -> 1 | F21: =IF(B21,((D21-E21)/60*100)," ") -> 0.5 | G21: =IF(B21,C21*COS(PI()/180*(E21+F21))," ") -> 193.93352 | H21: =IF(B21,(C21*SIN(PI()/180*(E21+F21)))," ") -> 5.078328 | K21: =IF(B21,SUM(G21,-$I$12)," ") -> 6.6527573 | L21: =IF(B21,SUM(H21,-$J$12)," ") -> 1.304555 | M21: =IF(B21,POWER(K21,2)," ") -> 44.25918 | N21: =IF(B21,POWER(L21,2)," ") -> 1.7018637
A22: 11 | B22: 274.1 | C22: 210 | D22: =IF(B22,B22-$C$4," ") -> 4.1 | E22: =IF(B22,INT(D22)," ") -> 4 | F22: =IF(B22,((D22-E22)/60*100)," ") -> 0.16666667 | G22: =IF(B22,C22*COS(PI()/180*(E22+F22))," ") -> 209.44495 | H22: =IF(B22,(C22*SIN(PI()/180*(E22+F22)))," ") -> 15.258174 | K22: =IF(B22,SUM(G22,-$I$12)," ") -> 22.164189 | L22: =IF(B22,SUM(H22,-$J$12)," ") -> 11.484401 | M22: =IF(B22,POWER(K22,2)," ") -> 491.25126 | N22: =IF(B22,POWER(L22,2)," ") -> 131.89146
A23: 12 | B23: 272.3 | C23: 216 | D23: =IF(B23,B23-$C$4," ") -> 2.3 | E23: =IF(B23,INT(D23)," ") -> 2 | F23: =IF(B23,((D23-E23)/60*100)," ") -> 0.5 | G23: =IF(B23,C23*COS(PI()/180*(E23+F23))," ") -> 215.79442 | H23: =IF(B23,(C23*SIN(PI()/180*(E23+F23)))," ") -> 9.4217877 | K23: =IF(B23,SUM(G23,-$I$12)," ") -> 28.513652 | L23: =IF(B23,SUM(H23,-$J$12)," ") -> 5.6480147 | M23: =IF(B23,POWER(K23,2)," ") -> 813.02836 | N23: =IF(B23,POWER(L23,2)," ") -> 31.90007
A24: 13 | B24: 270.35 | C24: 214 | D24: =IF(B24,B24-$C$4," ") -> 0.35 | E24: =IF(B24,INT(D24)," ") -> 0 | F24: =IF(B24,((D24-E24)/60*100)," ") -> 0.58333333 | G24: =IF(B24,C24*COS(PI()/180*(E24+F24))," ") -> 213.98891 | H24: =IF(B24,(C24*SIN(PI()/180*(E24+F24)))," ") -> 2.178715 | K24: =IF(B24,SUM(G24,-$I$12)," ") -> 26.708145 | L24: =IF(B24,SUM(H24,-$J$12)," ") -> -1.595058 | M24: =IF(B24,POWER(K24,2)," ") -> 713.32503 | N24: =IF(B24,POWER(L24,2)," ") -> 2.5442099
... A32: 21 | B32: 268 | C32: 166 | D32: =IF(B32,B32-$C$4," ") -> -2 | E32: =IF(B32,INT(D32)," ") -> -2 | F32: =IF(B32,((D32-E32)/60*100)," ") -> 0 | G32: =IF(B32,C32*COS(PI()/180*(E32+F32))," ") -> 165.89888 | H32: =IF(B32,(C32*SIN(PI()/180*(E32+F32)))," ") -> -5.7933165 | K32: =IF(B32,SUM(G32,-$I$12)," ") -> -21.381886 | L32: =IF(B32,SUM(H32,-$J$12)," ") -> -9.5670895 | M32: =IF(B32,POWER(K32,2)," ") -> 457.18507 | N32: =IF(B32,POWER(L32,2)," ") -> 91.529201
A33: 22 | D33: =IF(B33,B33-$C$4," ") | E33: =IF(B33,INT(D33)," ") | F33: =IF(B33,((D33-E33)/60*100)," ") | G33: =IF(B33,C33*COS(PI()/180*(E33+F33))," ") | H33: =IF(B33,(C33*SIN(PI()/180*(E33+F33)))," ") | K33: =IF(B33,SUM(G33,-$I$12)," ") | L33: =IF(B33,SUM(H33,-$J$12)," ") | M33: =IF(B33,POWER(K33,2)," ") | N33: =IF(B33,POWER(L33,2)," ")
A34: 23 | D34: =IF(B34,B34-$C$4," ") | E34: =IF(B34,INT(D34)," ") | F34: =IF(B34,((D34-E34)/60*100)," ") | G34: =IF(B34,C34*COS(PI()/180*(E34+F34))," ") | H34: =IF(B34,(C34*SIN(PI()/180*(E34+F34)))," ") | K34: =IF(B34,SUM(G34,-$I$12)," ") | L34: =IF(B34,SUM(H34,-$J$12)," ") | M34: =IF(B34,POWER(K34,2)," ") | N34: =IF(B34,POWER(L34,2)," ")
A35: 24 | D35: =IF(B35,B35-$C$4," ") | E35: =IF(B35,INT(D35)," ") | F35: =IF(B35,((D35-E35)/60*100)," ") | G35: =IF(B35,C35*COS(PI()/180*(E35+F35))," ") | H35: =IF(B35,(C35*SIN(PI()/180*(E35+F35)))," ") | K35: =IF(B35,SUM(G35,-$I$12)," ") | L35: =IF(B35,SUM(H35,-$J$12)," ") | M35: =IF(B35,POWER(K35,2)," ") | N35: =IF(B35,POWER(L35,2)," ")
A36: КОБЭ от НАР 2
A37: номер п/п | B37: азимут | C37: дальность | D37: Азимут за вычетом боевого курса | E37: градусы | F37: минуты (в сотых градуса) | G37: х | H37: z | I37: Мх | J37: Мz | K37: Хт-Мх | L37: Zт-Мz | M37: (Хт-Мх)*2 | N37: (Zт-Мz)*2 | O37: N-1 | P37: Σ(Хт-Мх)*2 | Q37: Σ(Zт-Мz)*2 | R37: (Σ(Хт-Мх)*2)/(N-1) | S37: (Σ(Zт-Мz)*2)/(N-1) | T37: Сигма X | U37: Сигма Z | V37: σX*σZ | W37: СКО КОБЭ
A38: 1 | B38: 226.4 | C38: 152 | D38: =IF(B38,B38-$C$4," ") -> -43.6 | E38: =IF(B38,INT(D38)," ") -> -44 | F38: =IF(B38,((D38-E38)/60*100)," ") -> 0.66666667 | G38: =IF(B38,C38*COS(PI()/180*(E38+F38))," ") -> 110.56079 | H38: =IF(B38,(C38*SIN(PI()/180*(E38+F38)))," ") -> -104.30873 | I38: =SUM(G38:G60)/E6 -> 125.60642 | J38: =SUM(H38:H60)/E6 -> -113.02771 | K38: =IF(B38,SUM(G38,-$I$12)," ") -> -76.71997 | L38: =IF(B38,SUM(H38,-$J$12)," ") -> -108.0825 | M38: =IF(B38,POWER(K38,2)," ") -> 5885.9538 | N38: =IF(B38,POWER(L38,2)," ") -> 11681.827 | O38: =E6-1 -> 22 | P38: =SUM(M38:M60) -> 103210.79 | Q38: =SUM(N38:N61) -> 315568.92 | R38: =PRODUCT(P38,1/$O$38) -> 4691.3997 | S38: =PRODUCT(Q38,1/$O$38) -> 14344.042 | T38: =SQRT(R38) -> 68.493793 | U38: =SQRT(S38) -> 119.76661 | V38: =PRODUCT(T38:U38) -> 8203.2697 | W38: =SQRT(V38) -> 90.571904
A39: 2 | B39: 230.35 | C39: 156 | D39: =IF(B39,B39-$C$4," ") -> -39.65 | E39: =IF(B39,INT(D39)," ") -> -40 | F39: =IF(B39,((D39-E39)/60*100)," ") -> 0.58333333 | G39: =IF(B39,C39*COS(PI()/180*(E39+F39))," ") -> 120.51763 | H39: =IF(B39,(C39*SIN(PI()/180*(E39+F39)))," ") -> -99.053021 | K39: =IF(B39,SUM(G39,-$I$12)," ") -> -66.763135 | L39: =IF(B39,SUM(H39,-$J$12)," ") -> -102.82679 | M39: =IF(B39,POWER(K39,2)," ") -> 4457.3161 | N39: =IF(B39,POWER(L39,2)," ") -> 10573.35
A40: 3 | B40: 232.5 | C40: 166 | D40: =IF(B40,B40-$C$4," ") -> -37.5 | E40: =IF(B40,INT(D40)," ") -> -38 | F40: =IF(B40,((D40-E40)/60*100)," ") -> 0.83333333 | G40: =IF(B40,C40*COS(PI()/180*(E40+F40))," ") -> 132.28233 | H40: =IF(B40,(C40*SIN(PI()/180*(E40+F40)))," ") -> -100.28651 | K40: =IF(B40,SUM(G40,-$I$12)," ") -> -54.998431 | L40: =IF(B40,SUM(H40,-$J$12)," ") -> -104.06028 | M40: =IF(B40,POWER(K40,2)," ") -> 3024.8274 | N40: =IF(B40,POWER(L40,2)," ") -> 10828.543
A41: 4 | B41: 233 | C41: 172 | D41: =IF(B41,B41-$C$4," ") -> -37 | E41: =IF(B41,INT(D41)," ") -> -37 | F41: =IF(B41,((D41-E41)/60*100)," ") -> 0 | G41: =IF(B41,C41*COS(PI()/180*(E41+F41))," ") -> 137.36531 | H41: =IF(B41,(C41*SIN(PI()/180*(E41+F41)))," ") -> -103.51218 | K41: =IF(B41,SUM(G41,-$I$12)," ") -> -49.915456 | L41: =IF(B41,SUM(H41,-$J$12)," ") -> -107.28596 | M41: =IF(B41,POWER(K41,2)," ") -> 2491.5527 | N41: =IF(B41,POWER(L41,2)," ") -> 11510.277
A42: 5 | B42: 234.25 | C42: 176 | D42: =IF(B42,B42-$C$4," ") -> -35.75 | E42: =IF(B42,INT(D42)," ") -> -36 | F42: =IF(B42,((D42-E42)/60*100)," ") -> 0.41666667 | G42: =IF(B42,C42*COS(PI()/180*(E42+F42))," ") -> 143.13553 | H42: =IF(B42,(C42*SIN(PI()/180*(E42+F42)))," ") -> -102.41201 | K42: =IF(B42,SUM(G42,-$I$12)," ") -> -44.145233 | L42: =IF(B42,SUM(H42,-$J$12)," ") -> -106.18578 | M42: =IF(B42,POWER(K42,2)," ") -> 1948.8016 | N42: =IF(B42,POWER(L42,2)," ") -> 11275.421
A43: 6 | B43: 232.2 | C43: 182 | D43: =IF(B43,B43-$C$4," ") -> -37.8 | E43: =IF(B43,INT(D43)," ") -> -38 | F43: =IF(B43,((D43-E43)/60*100)," ") -> 0.33333333 | G43: =IF(B43,C43*COS(PI()/180*(E43+F43))," ") -> 144.06741 | H43: =IF(B43,(C43*SIN(PI()/180*(E43+F43)))," ") -> -111.21413 | K43: =IF(B43,SUM(G43,-$I$12)," ") -> -43.213355 | L43: =IF(B43,SUM(H43,-$J$12)," ") -> -114.9879 | M43: =IF(B43,POWER(K43,2)," ") -> 1867.394 | N43: =IF(B43,POWER(L43,2)," ") -> 13222.217
A44: 7 | B44: 233 | C44: 184 | D44: =IF(B44,B44-$C$4," ") -> -37 | E44: =IF(B44,INT(D44)," ") -> -37 | F44: =IF(B44,((D44-E44)/60*100)," ") -> 0 | G44: =IF(B44,C44*COS(PI()/180*(E44+F44))," ") -> 146.94893 | H44: =IF(B44,(C44*SIN(PI()/180*(E44+F44)))," ") -> -110.73396 | K44: =IF(B44,SUM(G44,-$I$12)," ") -> -40.33183 | L44: =IF(B44,SUM(H44,-$J$12)," ") -> -114.50774 | M44: =IF(B44,POWER(K44,2)," ") -> 1626.6565 | N44: =IF(B44,POWER(L44,2)," ") -> 13112.022
A45: 8 | B45: 233.2 | C45: 188 | D45: =IF(B45,B45-$C$4," ") -> -36.8 | E45: =IF(B45,INT(D45)," ") -> -37 | F45: =IF(B45,((D45-E45)/60*100)," ") -> 0.33333333 | G45: =IF(B45,C45*COS(PI()/180*(E45+F45))," ") -> 150.79916 | H45: =IF(B45,(C45*SIN(PI()/180*(E45+F45)))," ") -> -112.26582 | K45: =IF(B45,SUM(G45,-$I$12)," ") -> -36.481603 | L45: =IF(B45,SUM(H45,-$J$12)," ") -> -116.03959 | M45: =IF(B45,POWER(K45,2)," ") -> 1330.9074 | N45: =IF(B45,POWER(L45,2)," ") -> 13465.186
A46: 9 | B46: 235.55 | C46: 188 | D46: =IF(B46,B46-$C$4," ") -> -34.45 | E46: =IF(B46,INT(D46)," ") -> -35 | F46: =IF(B46,((D46-E46)/60*100)," ") -> 0.91666667 | G46: =IF(B46,C46*COS(PI()/180*(E46+F46))," ") -> 155.706 | H46: =IF(B46,(C46*SIN(PI()/180*(E46+F46)))," ") -> -105.35484 | K46: =IF(B46,SUM(G46,-$I$12)," ") -> -31.574768 | L46: =IF(B46,SUM(H46,-$J$12)," ") -> -109.12862 | M46: =IF(B46,POWER(K46,2)," ") -> 996.96596 | N46: =IF(B46,POWER(L46,2)," ") -> 11909.055
A47: 10 | B47: 234.15 | C47: 198 | D47: =IF(B47,B47-$C$4," ") -> -35.85 | E47: =IF(B47,INT(D47)," ") -> -36 | F47: =IF(B47,((D47-E47)/60*100)," ") -> 0.25 | G47: =IF(B47,C47*COS(PI()/180*(E47+F47))," ") -> 160.69165 | H47: =IF(B47,(C47*SIN(PI()/180*(E47+F47)))," ") -> -115.68143 | K47: =IF(B47,SUM(G47,-$I$12)," ") -> -26.589115 | L47: =IF(B47,SUM(H47,-$J$12)," ") -> -119.45521 | M47: =IF(B47,POWER(K47,2)," ") -> 706.98105 | N47: =IF(B47,POWER(L47,2)," ") -> 14269.546
A48: 11 | B48: 232.05 | C48: 186 | D48: =IF(B48,B48-$C$4," ") -> -37.95 | E48: =IF(B48,INT(D48)," ") -> -38 | F48: =IF(B48,((D48-E48)/60*100)," ") -> 0.083333333 | G48: =IF(B48,C48*COS(PI()/180*(E48+F48))," ") -> 146.7364 | H48: =IF(B48,(C48*SIN(PI()/180*(E48+F48)))," ") -> -114.29974 | K48: =IF(B48,SUM(G48,-$I$12)," ") -> -40.544366 | L48: =IF(B48,SUM(H48,-$J$12)," ") -> -118.07351 | M48: =IF(B48,POWER(K48,2)," ") -> 1643.8456 | N48: =IF(B48,POWER(L48,2)," ") -> 13941.354
A49: 12 | B49: 229.05 | C49: 186 | D49: =IF(B49,B49-$C$4," ") -> -40.95 | E49: =IF(B49,INT(D49)," ") -> -41 | F49: =IF(B49,((D49-E49)/60*100)," ") -> 0.083333333 | G49: =IF(B49,C49*COS(PI()/180*(E49+F49))," ") -> 140.55331 | H49: =IF(B49,(C49*SIN(PI()/180*(E49+F49)))," ") -> -121.82268 | K49: =IF(B49,SUM(G49,-$I$12)," ") -> -46.727449 | L49: =IF(B49,SUM(H49,-$J$12)," ") -> -125.59645 | M49: =IF(B49,POWER(K49,2)," ") -> 2183.4545 | N49: =IF(B49,POWER(L49,2)," ") -> 15774.469
A50: 13 | B50: 225.15 | C50: 186 | D50: =IF(B50,B50-$C$4," ") -> -44.85 | E50: =IF(B50,INT(D50)," ") -> -45 | F50: =IF(B50,((D50-E50)/60*100)," ") -> 0.25 | G50: =IF(B50,C50*COS(PI()/180*(E50+F50))," ") -> 132.09448 | H50: =IF(B50,(C50*SIN(PI()/180*(E50+F50)))," ") -> -130.94674 | K50: =IF(B50,SUM(G50,-$I$12)," ") -> -55.186284 | L50: =IF(B50,SUM(H50,-$J$12)," ") -> -134.72051 | M50: =IF(B50,POWER(K50,2)," ") -> 3045.5259 | N50: =IF(B50,POWER(L50,2)," ") -> 18149.616
... A60: 23 | B60: 197.45 | C60: 136 | D60: =IF(B60,B60-$C$4," ") -> -72.55 | E60: =IF(B60,INT(D60)," ") -> -73 | F60: =IF(B60,((D60-E60)/60*100)," ") -> 0.75 | G60: =IF(B60,C60*COS(PI()/180*(E60+F60))," ") -> 41.461545 | H60: =IF(B60,(C60*SIN(PI()/180*(E60+F60)))," ") -> -129.52583 | K60: =IF(B60,SUM(G60,-$I$12)," ") -> -145.81922 | L60: =IF(B60,SUM(H60,-$J$12)," ") -> -133.2996 | M60: =IF(B60,POWER(K60,2)," ") -> 21263.245 | N60: =IF(B60,POWER(L60,2)," ") -> 17768.784
A61: 24 | D61: =IF(B61,B61-$C$4," ") | E61: =IF(B61,INT(D61)," ") | F61: =IF(B61,((D61-E61)/60*100)," ") | G61: =IF(B61,C61*COS(PI()/180*(E61+F61))," ") | H61: =IF(B61,(C61*SIN(PI()/180*(E61+F61)))," ") | K61: =IF(B61,SUM(G61,-$I$12)," ") | L61: =IF(B61,SUM(H61,-$J$12)," ") | M61: =IF(B61,POWER(K61,2)," ") | N61: =IF(B61,POWER(L61,2)," ")

Sheet 241-1
B1: 241-1
B2: Канал | C2: курс | D2: Vпр | E2: Нпус | F2: Дпус | I2: Центр рассеивания НАР
B3: ЦУ | D3: км/ч | E3: м | F3: м
B4: НВГЦ/ЛЦУ | C4: 270 | I4: =(I12+I38)/2 -> 97.505065 | J4: =(J12+J38)/2 -> -1.8060911
B5: Число КОБЭ | C5: Всего | D5: НАР 1 | E5: НАР 2 | I5: x | J5: z
C6: 48 | D6: 19 | E6: 24
A10: КОБЭ от НАР 1
A11: номер п/п | B11: азимут | C11: дальность | D11: Азимут за вычетом боевого курса | E11: градусы | F11: минуты (в сотых градуса) | G11: х | H11: z | I11: Мх | J11: Мz | K11: Хт-Мх | L11: Zт-Мz | M11: (Хт-Мх)*2 | N11: (Zт-Мz)*2 | O11: N-1 | P11: Σ(Хт-Мх)*2 | Q11: Σ(Zт-Мz)*2 | R11: (Σ(Хт-Мх)*2)/(N-1) | S11: (Σ(Zт-Мz)*2)/(N-1) | T11: Сигма X | U11: Сигма Z | V11: σX*σZ | W11: СКО КОБЭ
A12: 1 | B12: 176 | C12: 34 | D12: =IF(B12,B12-$C$4," ") -> -94 | E12: =IF(B12,INT(D12)," ") -> -94 | F12: =IF(B12,((D12-E12)/60*100)," ") -> 0 | G12: =IF(B12,C12*COS(PI()/180*(E12+F12))," ") -> -2.3717201 | H12: =IF(B12,(C12*SIN(PI()/180*(E12+F12)))," ") -> -33.917178 | I12: =SUM(G12:G30)/D6 -> 77.768861 | J12: =SUM(H12:H30)/D6 -> -27.004946 | K12: =IF(B12,SUM(G12,-$I$12)," ") -> -80.140581 | L12: =IF(B12,SUM(H12,-$J$12)," ") -> -6.9122317 | M12: =IF(B12,POWER(K12,2)," ") -> 6422.5127 | N12: =IF(B12,POWER(L12,2)," ") -> 47.778948 | O12: =D6-1 -> 18 | P12: =SUM(M12:M35) -> 23486.747 | Q12: =SUM(N12:N35) -> 3145.2599 | R12: =PRODUCT(P12,1/$O$12) -> 1304.8193 | S12: =PRODUCT(Q12,1/$O$12) -> 174.73666 | T12: =SQRT(R12) -> 36.122282 | U12: =SQRT(S12) -> 13.218799 | V12: =PRODUCT(T12:U12) -> 477.49321 | W12: =SQRT(V12) -> 21.851618
A13: 2 | B13: 182.05 | C13: 26 | D13: =IF(B13,B13-$C$4," ") -> -87.95 | E13: =IF(B13,INT(D13)," ") -> -88 | F13: =IF(B13,((D13-E13)/60*100)," ") -> 0.083333333 | G13: =IF(B13,C13*COS(PI()/180*(E13+F13))," ") -> 0.94517837 | H13: =IF(B13,(C13*SIN(PI()/180*(E13+F13)))," ") -> -25.982814 | K13: =IF(B13,SUM(G13,-$I$12)," ") -> -76.823682 | L13: =IF(B13,SUM(H13,-$J$12)," ") -> 1.0221317 | M13: =IF(B13,POWER(K13,2)," ") -> 5901.8782 | N13: =IF(B13,POWER(L13,2)," ") -> 1.0447532
A14: 3 | B14: 242.45 | C14: 92 | D14: =IF(B14,B14-$C$4," ") -> -27.55 | E14: =IF(B14,INT(D14)," ") -> -28 | F14: =IF(B14,((D14-E14)/60*100)," ") -> 0.75 | G14: =IF(B14,C14*COS(PI()/180*(E14+F14))," ") -> 81.789577 | H14: =IF(B14,(C14*SIN(PI()/180*(E14+F14)))," ") -> -42.1244 | K14: =IF(B14,SUM(G14,-$I$12)," ") -> 4.0207163 | L14: =IF(B14,SUM(H14,-$J$12)," ") -> -15.119454 | M14: =IF(B14,POWER(K14,2)," ") -> 16.16616 | N14: =IF(B14,POWER(L14,2)," ") -> 228.5979
A15: 4 | B15: 245.2 | C15: 56 | D15: =IF(B15,B15-$C$4," ") -> -24.8 | E15: =IF(B15,INT(D15)," ") -> -25 | F15: =IF(B15,((D15-E15)/60*100)," ") -> 0.33333333 | G15: =IF(B15,C15*COS(PI()/180*(E15+F15))," ") -> 50.890063 | H15: =IF(B15,(C15*SIN(PI()/180*(E15+F15)))," ") -> -23.370953 | K15: =IF(B15,SUM(G15,-$I$12)," ") -> -26.878797 | L15: =IF(B15,SUM(H15,-$J$12)," ") -> 3.6339925 | M15: =IF(B15,POWER(K15,2)," ") -> 722.46975 | N15: =IF(B15,POWER(L15,2)," ") -> 13.205902
A16: 5 | B16: 245.2 | C16: 112 | D16: =IF(B16,B16-$C$4," ") -> -24.8 | E16: =IF(B16,INT(D16)," ") -> -25 | F16: =IF(B16,((D16-E16)/60*100)," ") -> 0.33333333 | G16: =IF(B16,C16*COS(PI()/180*(E16+F16))," ") -> 101.78013 | H16: =IF(B16,(C16*SIN(PI()/180*(E16+F16)))," ") -> -46.741907 | K16: =IF(B16,SUM(G16,-$I$12)," ") -> 24.011266 | L16: =IF(B16,SUM(H16,-$J$12)," ") -> -19.736961 | M16: =IF(B16,POWER(K16,2)," ") -> 576.54088 | N16: =IF(B16,POWER(L16,2)," ") -> 389.54763
A17: 6 | B17: 245.25 | C17: 64 | D17: =IF(B17,B17-$C$4," ") -> -24.75 | E17: =IF(B17,INT(D17)," ") -> -25 | F17: =IF(B17,((D17-E17)/60*100)," ") -> 0.41666667 | G17: =IF(B17,C17*COS(PI()/180*(E17+F17))," ") -> 58.198858 | H17: =IF(B17,(C17*SIN(PI()/180*(E17+F17)))," ") -> -26.625042 | K17: =IF(B17,SUM(G17,-$I$12)," ") -> -19.570002 | L17: =IF(B17,SUM(H17,-$J$12)," ") -> 0.3799035 | M17: =IF(B17,POWER(K17,2)," ") -> 382.98499 | N17: =IF(B17,POWER(L17,2)," ") -> 0.14432667
A18: 7 | B18: 246.45 | C18: 102 | D18: =IF(B18,B18-$C$4," ") -> -23.55 | E18: =IF(B18,INT(D18)," ") -> -24 | F18: =IF(B18,((D18-E18)/60*100)," ") -> 0.75 | G18: =IF(B18,C18*COS(PI()/180*(E18+F18))," ") -> 93.716703 | H18: =IF(B18,(C18*SIN(PI()/180*(E18+F18)))," ") -> -40.263873 | K18: =IF(B18,SUM(G18,-$I$12)," ") -> 15.947843 | L18: =IF(B18,SUM(H18,-$J$12)," ") -> -13.258927 | M18: =IF(B18,POWER(K18,2)," ") -> 254.33369 | N18: =IF(B18,POWER(L18,2)," ") -> 175.79916
A19: 8 | B19: 246.5 | C19: 60 | D19: =IF(B19,B19-$C$4," ") -> -23.5 | E19: =IF(B19,INT(D19)," ") -> -24 | F19: =IF(B19,((D19-E19)/60*100)," ") -> 0.83333333 | G19: =IF(B19,C19*COS(PI()/180*(E19+F19))," ") -> 55.161862 | H19: =IF(B19,(C19*SIN(PI()/180*(E19+F19)))," ") -> -23.604427 | K19: =IF(B19,SUM(G19,-$I$12)," ") -> -22.606999 | L19: =IF(B19,SUM(H19,-$J$12)," ") -> 3.4005193 | M19: =IF(B19,POWER(K19,2)," ") -> 511.07638 | N19: =IF(B19,POWER(L19,2)," ") -> 11.563531
A20: 9 | B20: 247.15 | C20: 92 | D20: =IF(B20,B20-$C$4," ") -> -22.85 | E20: =IF(B20,INT(D20)," ") -> -23 | F20: =IF(B20,((D20-E20)/60*100)," ") -> 0.25 | G20: =IF(B20,C20*COS(PI()/180*(E20+F20))," ") -> 84.842489 | H20: =IF(B20,(C20*SIN(PI()/180*(E20+F20)))," ") -> -35.577408 | K20: =IF(B20,SUM(G20,-$I$12)," ") -> 7.0736287 | L20: =IF(B20,SUM(H20,-$J$12)," ") -> -8.5724625 | M20: =IF(B20,POWER(K20,2)," ") -> 50.036223 | N20: =IF(B20,POWER(L20,2)," ") -> 73.487113
A21: 10 | B21: 248.05 | C21: 64 | D21: =IF(B21,B21-$C$4," ") -> -21.95 | E21: =IF(B21,INT(D21)," ") -> -22 | F21: =IF(B21,((D21-E21)/60*100)," ") -> 0.083333333 | G21: =IF(B21,C21*COS(PI()/180*(E21+F21))," ") -> 59.374574 | H21: =IF(B21,(C21*SIN(PI()/180*(E21+F21)))," ") -> -23.88849 | K21: =IF(B21,SUM(G21,-$I$12)," ") -> -18.394287 | L21: =IF(B21,SUM(H21,-$J$12)," ") -> 3.1164555 | M21: =IF(B21,POWER(K21,2)," ") -> 338.34979 | N21: =IF(B21,POWER(L21,2)," ") -> 9.712295
A22: 11 | B22: 250.5 | C22: 106 | D22: =IF(B22,B22-$C$4," ") -> -19.5 | E22: =IF(B22,INT(D22)," ") -> -20 | F22: =IF(B22,((D22-E22)/60*100)," ") -> 0.83333333 | G22: =IF(B22,C22*COS(PI()/180*(E22+F22))," ") -> 100.12416 | H22: =IF(B22,(C22*SIN(PI()/180*(E22+F22)))," ") -> -34.801621 | K22: =IF(B22,SUM(G22,-$I$12)," ") -> 22.355298 | L22: =IF(B22,SUM(H22,-$J$12)," ") -> -7.7966746 | M22: =IF(B22,POWER(K22,2)," ") -> 499.75936 | N22: =IF(B22,POWER(L22,2)," ") -> 60.788135
A23: 12 | B23: 256.5 | C23: 108 | D23: =IF(B23,B23-$C$4," ") -> -13.5 | E23: =IF(B23,INT(D23)," ") -> -14 | F23: =IF(B23,((D23-E23)/60*100)," ") -> 0.83333333 | G23: =IF(B23,C23*COS(PI()/180*(E23+F23))," ") -> 105.16085 | H23: =IF(B23,(C23*SIN(PI()/180*(E23+F23)))," ") -> -24.600718 | K23: =IF(B23,SUM(G23,-$I$12)," ") -> 27.391991 | L23: =IF(B23,SUM(H23,-$J$12)," ") -> 2.4042279 | M23: =IF(B23,POWER(K23,2)," ") -> 750.32115 | N23: =IF(B23,POWER(L23,2)," ") -> 5.780312
A24: 13 | B24: 257.5 | C24: 82 | D24: =IF(B24,B24-$C$4," ") -> -12.5 | E24: =IF(B24,INT(D24)," ") -> -13 | F24: =IF(B24,((D24-E24)/60*100)," ") -> 0.83333333 | G24: =IF(B24,C24*COS(PI()/180*(E24+F24))," ") -> 80.158171 | H24: =IF(B24,(C24*SIN(PI()/180*(E24+F24)))," ") -> -17.282002 | K24: =IF(B24,SUM(G24,-$I$12)," ") -> 2.3893104 | L24: =IF(B24,SUM(H24,-$J$12)," ") -> 9.7229439 | M24: =IF(B24,POWER(K24,2)," ") -> 5.7088044 | N24: =IF(B24,POWER(L24,2)," ") -> 94.535637
... A30: 19 | B30: 226.35 | C30: 76 | D30: =IF(B30,B30-$C$4," ") -> -43.65 | E30: =IF(B30,INT(D30)," ") -> -44 | F30: =IF(B30,((D30-E30)/60*100)," ") -> 0.58333333 | G30: =IF(B30,C30*COS(PI()/180*(E30+F30))," ") -> 55.204483 | H30: =IF(B30,(C30*SIN(PI()/180*(E30+F30)))," ") -> -52.234711 | K30: =IF(B30,SUM(G30,-$I$12)," ") -> -22.564378 | L30: =IF(B30,SUM(H30,-$J$12)," ") -> -25.229765 | M30: =IF(B30,POWER(K30,2)," ") -> 509.15115 | N30: =IF(B30,POWER(L30,2)," ") -> 636.54106
A31: 20 | D31: =IF(B31,B31-$C$4," ") | E31: =IF(B31,INT(D31)," ") | F31: =IF(B31,((D31-E31)/60*100)," ") | G31: =IF(B31,C31*COS(PI()/180*(E31+F31))," ") | H31: =IF(B31,(C31*SIN(PI()/180*(E31+F31)))," ") | K31: =IF(B31,SUM(G31,-$I$12)," ") | L31: =IF(B31,SUM(H31,-$J$12)," ") | M31: =IF(B31,POWER(K31,2)," ") | N31: =IF(B31,POWER(L31,2)," ")
A32: 21 | D32: =IF(B32,B32-$C$4," ") | E32: =IF(B32,INT(D32)," ") | F32: =IF(B32,((D32-E32)/60*100)," ") | G32: =IF(B32,C32*COS(PI()/180*(E32+F32))," ") | H32: =IF(B32,(C32*SIN(PI()/180*(E32+F32)))," ") | K32: =IF(B32,SUM(G32,-$I$12)," ") | L32: =IF(B32,SUM(H32,-$J$12)," ") | M32: =IF(B32,POWER(K32,2)," ") | N32: =IF(B32,POWER(L32,2)," ")
A33: 22 | D33: =IF(B33,B33-$C$4," ") | E33: =IF(B33,INT(D33)," ") | F33: =IF(B33,((D33-E33)/60*100)," ") | G33: =IF(B33,C33*COS(PI()/180*(E33+F33))," ") | H33: =IF(B33,(C33*SIN(PI()/180*(E33+F33)))," ") | K33: =IF(B33,SUM(G33,-$I$12)," ") | L33: =IF(B33,SUM(H33,-$J$12)," ") | M33: =IF(B33,POWER(K33,2)," ") | N33: =IF(B33,POWER(L33,2)," ")
A34: 23 | D34: =IF(B34,B34-$C$4," ") | E34: =IF(B34,INT(D34)," ") | F34: =IF(B34,((D34-E34)/60*100)," ") | G34: =IF(B34,C34*COS(PI()/180*(E34+F34))," ") | H34: =IF(B34,(C34*SIN(PI()/180*(E34+F34)))," ") | K34: =IF(B34,SUM(G34,-$I$12)," ") | L34: =IF(B34,SUM(H34,-$J$12)," ") | M34: =IF(B34,POWER(K34,2)," ") | N34: =IF(B34,POWER(L34,2)," ")
A35: 24 | D35: =IF(B35,B35-$C$4," ") | E35: =IF(B35,INT(D35)," ") | F35: =IF(B35,((D35-E35)/60*100)," ") | G35: =IF(B35,C35*COS(PI()/180*(E35+F35))," ") | H35: =IF(B35,(C35*SIN(PI()/180*(E35+F35)))," ") | K35: =IF(B35,SUM(G35,-$I$12)," ") | L35: =IF(B35,SUM(H35,-$J$12)," ") | M35: =IF(B35,POWER(K35,2)," ") | N35: =IF(B35,POWER(L35,2)," ")
A36: КОБЭ от НАР 2
A37: номер п/п | B37: азимут | C37: дальность | D37: Азимут за вычетом боевого курса | E37: градусы | F37: минуты (в сотых градуса) | G37: х | H37: z | I37: Мх | J37: Мz | K37: Хт-Мх | L37: Zт-Мz | M37: (Хт-Мх)*2 | N37: (Zт-Мz)*2 | O37: N-1 | P37: Σ(Хт-Мх)*2 | Q37: Σ(Zт-Мz)*2 | R37: (Σ(Хт-Мх)*2)/(N-1) | S37: (Σ(Zт-Мz)*2)/(N-1) | T37: Сигма X | U37: Сигма Z | V37: σX*σZ | W37: СКО КОБЭ
A38: 1 | B38: 274.45 | C38: 124 | D38: =IF(B38,B38-$C$4," ") -> 4.45 | E38: =IF(B38,INT(D38)," ") -> 4 | F38: =IF(B38,((D38-E38)/60*100)," ") -> 0.75 | G38: =IF(B38,C38*COS(PI()/180*(E38+F38))," ") -> 123.57412 | H38: =IF(B38,(C38*SIN(PI()/180*(E38+F38)))," ") -> 10.268218 | I38: =SUM(G38:G61)/E6 -> 117.24127 | J38: =SUM(H38:H61)/E6 -> 23.392764 | K38: =IF(B38,SUM(G38,-$I$12)," ") -> 45.805262 | L38: =IF(B38,SUM(H38,-$J$12)," ") -> 37.273164 | M38: =IF(B38,POWER(K38,2)," ") -> 2098.122 | N38: =IF(B38,POWER(L38,2)," ") -> 1389.2887 | O38: =E6-1 -> 23 | P38: =SUM(M38:M61) -> 67044.978 | Q38: =SUM(N38:N61) -> 64409.347 | R38: =PRODUCT(P38,1/$O$38) -> 2914.9991 | S38: =PRODUCT(Q38,1/$O$38) -> 2800.4064 | T38: =SQRT(R38) -> 53.990731 | U38: =SQRT(S38) -> 52.918866 | V38: =PRODUCT(T38:U38) -> 2857.1283 | W38: =SQRT(V38) -> 53.452112
A39: 2 | B39: 275.4 | C39: 116 | D39: =IF(B39,B39-$C$4," ") -> 5.4 | E39: =IF(B39,INT(D39)," ") -> 5 | F39: =IF(B39,((D39-E39)/60*100)," ") -> 0.66666667 | G39: =IF(B39,C39*COS(PI()/180*(E39+F39))," ") -> 115.43313 | H39: =IF(B39,(C39*SIN(PI()/180*(E39+F39)))," ") -> 11.453937 | K39: =IF(B39,SUM(G39,-$I$12)," ") -> 37.664269 | L39: =IF(B39,SUM(H39,-$J$12)," ") -> 38.458883 | M39: =IF(B39,POWER(K39,2)," ") -> 1418.5971 | N39: =IF(B39,POWER(L39,2)," ") -> 1479.0857
A40: 3 | B40: 276.15 | C40: 128 | D40: =IF(B40,B40-$C$4," ") -> 6.15 | E40: =IF(B40,INT(D40)," ") -> 6 | F40: =IF(B40,((D40-E40)/60*100)," ") -> 0.25 | G40: =IF(B40,C40*COS(PI()/180*(E40+F40))," ") -> 127.23921 | H40: =IF(B40,(C40*SIN(PI()/180*(E40+F40)))," ") -> 13.93496 | K40: =IF(B40,SUM(G40,-$I$12)," ") -> 49.470351 | L40: =IF(B40,SUM(H40,-$J$12)," ") -> 40.939906 | M40: =IF(B40,POWER(K40,2)," ") -> 2447.3156 | N40: =IF(B40,POWER(L40,2)," ") -> 1676.0759
A41: 4 | B41: 277.2 | C41: 140 | D41: =IF(B41,B41-$C$4," ") -> 7.2 | E41: =IF(B41,INT(D41)," ") -> 7 | F41: =IF(B41,((D41-E41)/60*100)," ") -> 0.33333333 | G41: =IF(B41,C41*COS(PI()/180*(E41+F41))," ") -> 138.85485 | H41: =IF(B41,(C41*SIN(PI()/180*(E41+F41)))," ") -> 17.869831 | K41: =IF(B41,SUM(G41,-$I$12)," ") -> 61.085988 | L41: =IF(B41,SUM(H41,-$J$12)," ") -> 44.874777 | M41: =IF(B41,POWER(K41,2)," ") -> 3731.498 | N41: =IF(B41,POWER(L41,2)," ") -> 2013.7456
A42: 5 | B42: 277.3 | C42: 128 | D42: =IF(B42,B42-$C$4," ") -> 7.3 | E42: =IF(B42,INT(D42)," ") -> 7 | F42: =IF(B42,((D42-E42)/60*100)," ") -> 0.5 | G42: =IF(B42,C42*COS(PI()/180*(E42+F42))," ") -> 126.90494 | H42: =IF(B42,(C42*SIN(PI()/180*(E42+F42)))," ") -> 16.707353 | K42: =IF(B42,SUM(G42,-$I$12)," ") -> 49.136082 | L42: =IF(B42,SUM(H42,-$J$12)," ") -> 43.712299 | M42: =IF(B42,POWER(K42,2)," ") -> 2414.3545 | N42: =IF(B42,POWER(L42,2)," ") -> 1910.765
A43: 6 | B43: 277.45 | C43: 130 | D43: =IF(B43,B43-$C$4," ") -> 7.45 | E43: =IF(B43,INT(D43)," ") -> 7 | F43: =IF(B43,((D43-E43)/60*100)," ") -> 0.75 | G43: =IF(B43,C43*COS(PI()/180*(E43+F43))," ") -> 128.81257 | H43: =IF(B43,(C43*SIN(PI()/180*(E43+F43)))," ") -> 17.530621 | K43: =IF(B43,SUM(G43,-$I$12)," ") -> 51.043706 | L43: =IF(B43,SUM(H43,-$J$12)," ") -> 44.535567 | M43: =IF(B43,POWER(K43,2)," ") -> 2605.4599 | N43: =IF(B43,POWER(L43,2)," ") -> 1983.4167
A44: 7 | B44: 277.5 | C44: 96 | D44: =IF(B44,B44-$C$4," ") -> 7.5 | E44: =IF(B44,INT(D44)," ") -> 7 | F44: =IF(B44,((D44-E44)/60*100)," ") -> 0.83333333 | G44: =IF(B44,C44*COS(PI()/180*(E44+F44))," ") -> 95.104197 | H44: =IF(B44,(C44*SIN(PI()/180*(E44+F44)))," ") -> 13.084027 | K44: =IF(B44,SUM(G44,-$I$12)," ") -> 17.335336 | L44: =IF(B44,SUM(H44,-$J$12)," ") -> 40.088973 | M44: =IF(B44,POWER(K44,2)," ") -> 300.51388 | N44: =IF(B44,POWER(L44,2)," ") -> 1607.1257
A45: 8 | B45: 278.15 | C45: 180 | D45: =IF(B45,B45-$C$4," ") -> 8.15 | E45: =IF(B45,INT(D45)," ") -> 8 | F45: =IF(B45,((D45-E45)/60*100)," ") -> 0.25 | G45: =IF(B45,C45*COS(PI()/180*(E45+F45))," ") -> 178.13725 | H45: =IF(B45,(C45*SIN(PI()/180*(E45+F45)))," ") -> 25.828672 | K45: =IF(B45,SUM(G45,-$I$12)," ") -> 100.36839 | L45: =IF(B45,SUM(H45,-$J$12)," ") -> 52.833618 | M45: =IF(B45,POWER(K45,2)," ") -> 10073.813 | N45: =IF(B45,POWER(L45,2)," ") -> 2791.3912
A46: 9 | B46: 280.15 | C46: 138 | D46: =IF(B46,B46-$C$4," ") -> 10.15 | E46: =IF(B46,INT(D46)," ") -> 10 | F46: =IF(B46,((D46-E46)/60*100)," ") -> 0.25 | G46: =IF(B46,C46*COS(PI()/180*(E46+F46))," ") -> 135.79762 | H46: =IF(B46,(C46*SIN(PI()/180*(E46+F46)))," ") -> 24.556209 | K46: =IF(B46,SUM(G46,-$I$12)," ") -> 58.028756 | L46: =IF(B46,SUM(H46,-$J$12)," ") -> 51.561155 | M46: =IF(B46,POWER(K46,2)," ") -> 3367.3365 | N46: =IF(B46,POWER(L46,2)," ") -> 2658.5527
A47: 10 | B47: 282 | C47: 128 | D47: =IF(B47,B47-$C$4," ") -> 12 | E47: =IF(B47,INT(D47)," ") -> 12 | F47: =IF(B47,((D47-E47)/60*100)," ") -> 0 | G47: =IF(B47,C47*COS(PI()/180*(E47+F47))," ") -> 125.20289 | H47: =IF(B47,(C47*SIN(PI()/180*(E47+F47)))," ") -> 26.612696 | K47: =IF(B47,SUM(G47,-$I$12)," ") -> 47.434032 | L47: =IF(B47,SUM(H47,-$J$12)," ") -> 53.617642 | M47: =IF(B47,POWER(K47,2)," ") -> 2249.9874 | N47: =IF(B47,POWER(L47,2)," ") -> 2874.8516
A48: 11 | B48: 282.55 | C48: 126 | D48: =IF(B48,B48-$C$4," ") -> 12.55 | E48: =IF(B48,INT(D48)," ") -> 12 | F48: =IF(B48,((D48-E48)/60*100)," ") -> 0.91666667 | G48: =IF(B48,C48*COS(PI()/180*(E48+F48))," ") -> 122.81172 | H48: =IF(B48,(C48*SIN(PI()/180*(E48+F48)))," ") -> 28.16524 | K48: =IF(B48,SUM(G48,-$I$12)," ") -> 45.042862 | L48: =IF(B48,SUM(H48,-$J$12)," ") -> 55.170186 | M48: =IF(B48,POWER(K48,2)," ") -> 2028.8594 | N48: =IF(B48,POWER(L48,2)," ") -> 3043.7495
A49: 12 | B49: 284.3 | C49: 68 | D49: =IF(B49,B49-$C$4," ") -> 14.3 | E49: =IF(B49,INT(D49)," ") -> 14 | F49: =IF(B49,((D49-E49)/60*100)," ") -> 0.5 | G49: =IF(B49,C49*COS(PI()/180*(E49+F49))," ") -> 65.83404 | H49: =IF(B49,(C49*SIN(PI()/180*(E49+F49)))," ") -> 17.02584 | K49: =IF(B49,SUM(G49,-$I$12)," ") -> -11.934821 | L49: =IF(B49,SUM(H49,-$J$12)," ") -> 44.030786 | M49: =IF(B49,POWER(K49,2)," ") -> 142.43996 | N49: =IF(B49,POWER(L49,2)," ") -> 1938.7101
A50: 13 | B50: 287.55 | C50: 42 | D50: =IF(B50,B50-$C$4," ") -> 17.55 | E50: =IF(B50,INT(D50)," ") -> 17 | F50: =IF(B50,((D50-E50)/60*100)," ") -> 0.91666667 | G50: =IF(B50,C50*COS(PI()/180*(E50+F50))," ") -> 39.963208 | H50: =IF(B50,(C50*SIN(PI()/180*(E50+F50)))," ") -> 12.920603 | K50: =IF(B50,SUM(G50,-$I$12)," ") -> -37.805653 | L50: =IF(B50,SUM(H50,-$J$12)," ") -> 39.925549 | M50: =IF(B50,POWER(K50,2)," ") -> 1429.2674 | N50: =IF(B50,POWER(L50,2)," ") -> 1594.0495
... A61: 24 | B61: 285.15 | C61: 138 | D61: =IF(B61,B61-$C$4," ") -> 15.15 | E61: =IF(B61,INT(D61)," ") -> 15 | F61: =IF(B61,((D61-E61)/60*100)," ") -> 0.25 | G61: =IF(B61,C61*COS(PI()/180*(E61+F61))," ") -> 133.14065 | H61: =IF(B61,(C61*SIN(PI()/180*(E61+F61)))," ") -> 36.298308 | K61: =IF(B61,SUM(G61,-$I$12)," ") -> 55.37179 | L61: =IF(B61,SUM(H61,-$J$12)," ") -> 63.303254 | M61: =IF(B61,POWER(K61,2)," ") -> 3066.0351 | N61: =IF(B61,POWER(L61,2)," ") -> 4007.3019

Sheet 241-2__6 ракет
B1: 241-2
B2: Канал | C2: курс | D2: Vпр | E2: Нпус | F2: Дпус | I2: Центр рассеивания НАР
B3: ЦУ | D3: км/ч | E3: м | F3: м
B4: НВГЦ/ЛЦУ | C4: 270 | I4: =(I12+I38+I64+I90+AI12+AI38)/6 -> 85.121986 | J4: =(J12+J38+J64+J90+AJ12+AJ38)/6 -> -19.891763
B5: Число КОБЭ | C5: Всего | D5: НАР 1 | E5: НАР 2 | F5: НАР 3 | G5: НАР 4 | I5: x | J5: z
C6: 83 | D6: 23 | E6: 24 | F6: 20 | G6: 16
D7: НАР 5 | E7: НАР 6
D8: 16 | E8: 24
A10: КОБЭ от НАР 1 | AA10: КОБЭ от НАР 5
A11: номер п/п | B11: азимут | C11: дальность | D11: Азимут за вычетом боевого курса | E11: градусы | F11: минуты (в сотых градуса) | G11: х | H11: z | I11: Мх | J11: Мz | K11: Хт-Мх | L11: Zт-Мz | M11: (Хт-Мх)*2 | N11: (Zт-Мz)*2 | O11: N-1 | P11: Σ(Хт-Мх)*2 | Q11: Σ(Zт-Мz)*2 | R11: (Σ(Хт-Мх)*2)/(N-1) | S11: (Σ(Zт-Мz)*2)/(N-1) | T11: Сигма X | U11: Сигма Z | V11: σX*σZ | W11: СКО КОБЭ | AA11: номер п/п | AB11: азимут | AC11: дальность | AD11: Азимут за вычетом боевого курса | AE11: градусы | AF11: минуты (в сотых градуса) | AG11: х | AH11: z | AI11: Мх | AJ11: Мz | AK11: Хт-Мх | AL11: Zт-Мz | AM11: (Хт-Мх)*2 | AN11: (Zт-Мz)*2 | AO11: N-1 | AP11: Σ(Хт-Мх)*2 | AQ11: Σ(Zт-Мz)*2 | AR11: (Σ(Хт-Мх)*2)/(N-1) | AS11: (Σ(Zт-Мz)*2)/(N-1) | AT11: Сигма X | AU11: Сигма Z | AV11: σX*σZ | AW11: СКО КОБЭ
A12: 1 | B12: 251.5 | C12: 154 | D12: =IF(B12,B12-$C$4," ") -> -18.5 | E12: =IF(B12,INT(D12)," ") -> -19 | F12: =IF(B12,((D12-E12)/60*100)," ") -> 0.83333333 | G12: =IF(B12,C12*COS(PI()/180*(E12+F12))," ") -> 146.32365 | H12: =IF(B12,(C12*SIN(PI()/180*(E12+F12)))," ") -> -48.014458 | I12: =SUM(G12:G34)/D6 -> 170.78303 | J12: =SUM(H12:H34)/D6 -> -21.532868 | K12: =IF(B12,SUM(G12,-$I$12)," ") -> -24.459371 | L12: =IF(B12,SUM(H12,-$J$12)," ") -> -26.48159 | M12: =IF(B12,POWER(K12,2)," ") -> 598.26085 | N12: =IF(B12,POWER(L12,2)," ") -> 701.2746 | O12: =D6-1 -> 22 | P12: =SUM(M12:M35) -> 14410.638 | Q12: =SUM(N12:N35) -> 2823.7169 | R12: =PRODUCT(P12,1/$O$12) -> 655.02899 | S12: =PRODUCT(Q12,1/$O$12) -> 128.35077 | T12: =SQRT(R12) -> 25.593534 | U12: =SQRT(S12) -> 11.3292 | V12: =PRODUCT(T12:U12) -> 289.95426 | W12: =SQRT(V12) -> 17.028043 | AA12: 1 | AB12: 183.55 | AC12: 122 | AD12: =IF(AB12,AB12-$C$4," ") -> -86.45 | AE12: =IF(AB12,INT(AD12)," ") -> -87 | AF12: =IF(AB12,((AD12-AE12)/60*100)," ") -> 0.91666667 | AG12: =IF(AB12,AC12*COS(PI()/180*(AE12+AF12))," ") -> 8.3332713 | AH12: =IF(AB12,(AC12*SIN(PI()/180*(AE12+AF12)))," ") -> -121.71506 | AI12: =SUM(AG12:AG27)/D8 -> 36.772205 | AJ12: =SUM(AH12:AH35)/D8 -> -120.81213 | AK12: =IF(AB12,SUM(AG12,-$I$12)," ") -> -162.44975 | AL12: =IF(AB12,SUM(AH12,-$J$12)," ") -> -100.1822 | AM12: =IF(AB12,POWER(AK12,2)," ") -> 26389.923 | AN12: =IF(AB12,POWER(AL12,2)," ") -> 10036.472 | AO12: =D8-1 -> 15 | AP12: =SUM(AM12:AM35) -> 292132.7 | AQ12: =SUM(AN12:AN35) -> 158575.39 | AR12: =PRODUCT(AP12,1/$O$12) -> 13278.759 | AS12: =PRODUCT(AQ12,1/$O$12) -> 7207.9723 | AT12: =SQRT(AR12) -> 115.2335 | AU12: =SQRT(AS12) -> 84.899778 | AV12: =PRODUCT(AT12:AU12) -> 9783.2985 | AW12: =SQRT(AV12) -> 98.910558
A13: 2 | B13: 257 | C13: 144 | D13: =IF(B13,B13-$C$4," ") -> -13 | E13: =IF(B13,INT(D13)," ") -> -13 | F13: =IF(B13,((D13-E13)/60*100)," ") -> 0 | G13: =IF(B13,C13*COS(PI()/180*(E13+F13))," ") -> 140.30929 | H13: =IF(B13,(C13*SIN(PI()/180*(E13+F13)))," ") -> -32.392952 | K13: =IF(B13,SUM(G13,-$I$12)," ") -> -30.473736 | L13: =IF(B13,SUM(H13,-$J$12)," ") -> -10.860084 | M13: =IF(B13,POWER(K13,2)," ") -> 928.64862 | N13: =IF(B13,POWER(L13,2)," ") -> 117.94142 | AA13: 2 | AB13: 185.2 | AC13: 114 | AD13: =IF(AB13,AB13-$C$4," ") -> -84.8 | AE13: =IF(AB13,INT(AD13)," ") -> -85 | AF13: =IF(AB13,((AD13-AE13)/60*100)," ") -> 0.33333333 | AG13: =IF(AB13,AC13*COS(PI()/180*(AE13+AF13))," ") -> 10.596284 | AH13: =IF(AB13,(AC13*SIN(PI()/180*(AE13+AF13)))," ") -> -113.50647 | AK13: =IF(AB13,SUM(AG13,-$I$12)," ") -> -160.18674 | AL13: =IF(AB13,SUM(AH13,-$J$12)," ") -> -91.973602 | AM13: =IF(AB13,POWER(AK13,2)," ") -> 25659.792 | AN13: =IF(AB13,POWER(AL13,2)," ") -> 8459.1435
A14: 3 | B14: 257 | C14: 180 | D14: =IF(B14,B14-$C$4," ") -> -13 | E14: =IF(B14,INT(D14)," ") -> -13 | F14: =IF(B14,((D14-E14)/60*100)," ") -> 0 | G14: =IF(B14,C14*COS(PI()/180*(E14+F14))," ") -> 175.38661 | H14: =IF(B14,(C14*SIN(PI()/180*(E14+F14)))," ") -> -40.49119 | K14: =IF(B14,SUM(G14,-$I$12)," ") -> 4.6035858 | L14: =IF(B14,SUM(H14,-$J$12)," ") -> -18.958322 | M14: =IF(B14,POWER(K14,2)," ") -> 21.193003 | N14: =IF(B14,POWER(L14,2)," ") -> 359.41796 | AA14: 3 | AB14: 185 | AC14: 128 | AD14: =IF(AB14,AB14-$C$4," ") -> -85 | AE14: =IF(AB14,INT(AD14)," ") -> -85 | AF14: =IF(AB14,((AD14-AE14)/60*100)," ") -> 0 | AG14: =IF(AB14,AC14*COS(PI()/180*(AE14+AF14))," ") -> 11.155935 | AH14: =IF(AB14,(AC14*SIN(PI()/180*(AE14+AF14)))," ") -> -127.51292 | AK14: =IF(AB14,SUM(AG14,-$I$12)," ") -> -159.62709 | AL14: =IF(AB14,SUM(AH14,-$J$12)," ") -> -105.98005 | AM14: =IF(AB14,POWER(AK14,2)," ") -> 25480.808 | AN14: =IF(AB14,POWER(AL14,2)," ") -> 11231.772
A15: 4 | B15: 258.1 | C15: 184 | D15: =IF(B15,B15-$C$4," ") -> -11.9 | E15: =IF(B15,INT(D15)," ") -> -12 | F15: =IF(B15,((D15-E15)/60*100)," ") -> 0.16666667 | G15: =IF(B15,C15*COS(PI()/180*(E15+F15))," ") -> 180.08968 | H15: =IF(B15,(C15*SIN(PI()/180*(E15+F15)))," ") -> -37.732052 | K15: =IF(B15,SUM(G15,-$I$12)," ") -> 9.3066526 | L15: =IF(B15,SUM(H15,-$J$12)," ") -> -16.199184 | M15: =IF(B15,POWER(K15,2)," ") -> 86.613782 | N15: =IF(B15,POWER(L15,2)," ") -> 262.41356 | AA15: 4 | AB15: 189.15 | AC15: 122 | AD15: =IF(AB15,AB15-$C$4," ") -> -80.85 | AE15: =IF(AB15,INT(AD15)," ") -> -81 | AF15: =IF(AB15,((AD15-AE15)/60*100)," ") -> 0.25 | AG15: =IF(AB15,AC15*COS(PI()/180*(AE15+AF15))," ") -> 19.610593 | AH15: =IF(AB15,(AC15*SIN(PI()/180*(AE15+AF15)))," ") -> -120.41356 | AK15: =IF(AB15,SUM(AG15,-$I$12)," ") -> -151.17243 | AL15: =IF(AB15,SUM(AH15,-$J$12)," ") -> -98.880689 | AM15: =IF(AB15,POWER(AK15,2)," ") -> 22853.104 | AN15: =IF(AB15,POWER(AL15,2)," ") -> 9777.3906
A16: 5 | B16: 259.5 | C16: 164 | D16: =IF(B16,B16-$C$4," ") -> -10.5 | E16: =IF(B16,INT(D16)," ") -> -11 | F16: =IF(B16,((D16-E16)/60*100)," ") -> 0.83333333 | G16: =IF(B16,C16*COS(PI()/180*(E16+F16))," ") -> 161.42495 | H16: =IF(B16,(C16*SIN(PI()/180*(E16+F16)))," ") -> -28.947989 | K16: =IF(B16,SUM(G16,-$I$12)," ") -> -9.3580775 | L16: =IF(B16,SUM(H16,-$J$12)," ") -> -7.415121 | M16: =IF(B16,POWER(K16,2)," ") -> 87.573615 | N16: =IF(B16,POWER(L16,2)," ") -> 54.98402 | AA16: 5 | AB16: 192.5 | AC16: 112 | AD16: =IF(AB16,AB16-$C$4," ") -> -77.5 | AE16: =IF(AB16,INT(AD16)," ") -> -78 | AF16: =IF(AB16,((AD16-AE16)/60*100)," ") -> 0.83333333 | AG16: =IF(AB16,AC16*COS(PI()/180*(AE16+AF16))," ") -> 24.876967 | AH16: =IF(AB16,(AC16*SIN(PI()/180*(AE16+AF16)))," ") -> -109.20227 | AK16: =IF(AB16,SUM(AG16,-$I$12)," ") -> -145.90606 | AL16: =IF(AB16,SUM(AH16,-$J$12)," ") -> -87.669405 | AM16: =IF(AB16,POWER(AK16,2)," ") -> 21288.578 | AN16: =IF(AB16,POWER(AL16,2)," ") -> 7685.9246
A17: 6 | B17: 261.05 | C17: 194 | D17: =IF(B17,B17-$C$4," ") -> -8.95 | E17: =IF(B17,INT(D17)," ") -> -9 | F17: =IF(B17,((D17-E17)/60*100)," ") -> 0.083333333 | G17: =IF(B17,C17*COS(PI()/180*(E17+F17))," ") -> 191.65548 | H17: =IF(B17,(C17*SIN(PI()/180*(E17+F17)))," ") -> -30.069567 | K17: =IF(B17,SUM(G17,-$I$12)," ") -> 20.872449 | L17: =IF(B17,SUM(H17,-$J$12)," ") -> -8.5366985 | M17: =IF(B17,POWER(K17,2)," ") -> 435.65914 | N17: =IF(B17,POWER(L17,2)," ") -> 72.875221 | AA17: 6 | AB17: 193.05 | AC17: 118 | AD17: =IF(AB17,AB17-$C$4," ") -> -76.95 | AE17: =IF(AB17,INT(AD17)," ") -> -77 | AF17: =IF(AB17,((AD17-AE17)/60*100)," ") -> 0.083333333 | AG17: =IF(AB17,AC17*COS(PI()/180*(AE17+AF17))," ") -> 26.711422 | AH17: =IF(AB17,(AC17*SIN(PI()/180*(AE17+AF17)))," ") -> -114.93694 | AK17: =IF(AB17,SUM(AG17,-$I$12)," ") -> -144.0716 | AL17: =IF(AB17,SUM(AH17,-$J$12)," ") -> -93.404071 | AM17: =IF(AB17,POWER(AK17,2)," ") -> 20756.627 | AN17: =IF(AB17,POWER(AL17,2)," ") -> 8724.3205
A18: 7 | B18: 261.25 | C18: 160 | D18: =IF(B18,B18-$C$4," ") -> -8.75 | E18: =IF(B18,INT(D18)," ") -> -9 | F18: =IF(B18,((D18-E18)/60*100)," ") -> 0.41666667 | G18: =IF(B18,C18*COS(PI()/180*(E18+F18))," ") -> 158.20797 | H18: =IF(B18,(C18*SIN(PI()/180*(E18+F18)))," ") -> -23.879635 | K18: =IF(B18,SUM(G18,-$I$12)," ") -> -12.575052 | L18: =IF(B18,SUM(H18,-$J$12)," ") -> -2.3467671 | M18: =IF(B18,POWER(K18,2)," ") -> 158.13193 | N18: =IF(B18,POWER(L18,2)," ") -> 5.5073156 | AA18: 7 | AB18: 195.55 | AC18: 124 | AD18: =IF(AB18,AB18-$C$4," ") -> -74.45 | AE18: =IF(AB18,INT(AD18)," ") -> -75 | AF18: =IF(AB18,((AD18-AE18)/60*100)," ") -> 0.91666667 | AG18: =IF(AB18,AC18*COS(PI()/180*(AE18+AF18))," ") -> 34.005632 | AH18: =IF(AB18,(AC18*SIN(PI()/180*(AE18+AF18)))," ") -> -119.24604 | AK18: =IF(AB18,SUM(AG18,-$I$12)," ") -> -136.77739 | AL18: =IF(AB18,SUM(AH18,-$J$12)," ") -> -97.713168 | AM18: =IF(AB18,POWER(AK18,2)," ") -> 18708.056 | AN18: =IF(AB18,POWER(AL18,2)," ") -> 9547.8631
A19: 8 | B19: 262.1 | C19: 136 | D19: =IF(B19,B19-$C$4," ") -> -7.9 | E19: =IF(B19,INT(D19)," ") -> -8 | F19: =IF(B19,((D19-E19)/60*100)," ") -> 0.16666667 | G19: =IF(B19,C19*COS(PI()/180*(E19+F19))," ") -> 134.73095 | H19: =IF(B19,(C19*SIN(PI()/180*(E19+F19)))," ") -> -18.535704 | K19: =IF(B19,SUM(G19,-$I$12)," ") -> -36.05208 | L19: =IF(B19,SUM(H19,-$J$12)," ") -> 2.9971638 | M19: =IF(B19,POWER(K19,2)," ") -> 1299.7525 | N19: =IF(B19,POWER(L19,2)," ") -> 8.9829908 | AA19: 8 | AB19: 195.05 | AC19: 132 | AD19: =IF(AB19,AB19-$C$4," ") -> -74.95 | AE19: =IF(AB19,INT(AD19)," ") -> -75 | AF19: =IF(AB19,((AD19-AE19)/60*100)," ") -> 0.083333333 | AG19: =IF(AB19,AC19*COS(PI()/180*(AE19+AF19))," ") -> 34.349522 | AH19: =IF(AB19,(AC19*SIN(PI()/180*(AE19+AF19)))," ") -> -127.45238 | AK19: =IF(AB19,SUM(AG19,-$I$12)," ") -> -136.4335 | AL19: =IF(AB19,SUM(AH19,-$J$12)," ") -> -105.91952 | AM19: =IF(AB19,POWER(AK19,2)," ") -> 18614.101 | AN19: =IF(AB19,POWER(AL19,2)," ") -> 11218.944
A20: 9 | B20: 262.45 | C20: 168 | D20: =IF(B20,B20-$C$4," ") -> -7.55 | E20: =IF(B20,INT(D20)," ") -> -8 | F20: =IF(B20,((D20-E20)/60*100)," ") -> 0.75 | G20: =IF(B20,C20*COS(PI()/180*(E20+F20))," ") -> 166.65683 | H20: =IF(B20,(C20*SIN(PI()/180*(E20+F20)))," ") -> -21.201427 | K20: =IF(B20,SUM(G20,-$I$12)," ") -> -4.1261943 | L20: =IF(B20,SUM(H20,-$J$12)," ") -> 0.33144125 | M20: =IF(B20,POWER(K20,2)," ") -> 17.025479 | N20: =IF(B20,POWER(L20,2)," ") -> 0.1098533 | AA20: 9 | AB20: 196.5 | AC20: 148 | AD20: =IF(AB20,AB20-$C$4," ") -> -73.5 | AE20: =IF(AB20,INT(AD20)," ") -> -74 | AF20: =IF(AB20,((AD20-AE20)/60*100)," ") -> 0.83333333 | AG20: =IF(AB20,AC20*COS(PI()/180*(AE20+AF20))," ") -> 42.859127 | AH20: =IF(AB20,(AC20*SIN(PI()/180*(AE20+AF20)))," ") -> -141.65838 | AK20: =IF(AB20,SUM(AG20,-$I$12)," ") -> -127.9239 | AL20: =IF(AB20,SUM(AH20,-$J$12)," ") -> -120.12551 | AM20: =IF(AB20,POWER(AK20,2)," ") -> 16364.524 | AN20: =IF(AB20,POWER(AL20,2)," ") -> 14430.137
A21: 10 | B21: 262.55 | C21: 220 | D21: =IF(B21,B21-$C$4," ") -> -7.45 | E21: =IF(B21,INT(D21)," ") -> -8 | F21: =IF(B21,((D21-E21)/60*100)," ") -> 0.91666667 | G21: =IF(B21,C21*COS(PI()/180*(E21+F21))," ") -> 218.32093 | H21: =IF(B21,(C21*SIN(PI()/180*(E21+F21)))," ") -> -27.128819 | K21: =IF(B21,SUM(G21,-$I$12)," ") -> 47.537901 | L21: =IF(B21,SUM(H21,-$J$12)," ") -> -5.595951 | M21: =IF(B21,POWER(K21,2)," ") -> 2259.8521 | N21: =IF(B21,POWER(L21,2)," ") -> 31.314667 | AA21: 10 | AB21: 202.05 | AC21: 128 | AD21: =IF(AB21,AB21-$C$4," ") -> -67.95 | AE21: =IF(AB21,INT(AD21)," ") -> -68 | AF21: =IF(AB21,((AD21-AE21)/60*100)," ") -> 0.083333333 | AG21: =IF(AB21,AC21*COS(PI()/180*(AE21+AF21))," ") -> 48.122206 | AH21: =IF(AB21,(AC21*SIN(PI()/180*(AE21+AF21)))," ") -> -118.60967 | AK21: =IF(AB21,SUM(AG21,-$I$12)," ") -> -122.66082 | AL21: =IF(AB21,SUM(AH21,-$J$12)," ") -> -97.0768 | AM21: =IF(AB21,POWER(AK21,2)," ") -> 15045.677 | AN21: =IF(AB21,POWER(AL21,2)," ") -> 9423.9051
A22: 11 | B22: 263 | C22: 142 | D22: =IF(B22,B22-$C$4," ") -> -7 | E22: =IF(B22,INT(D22)," ") -> -7 | F22: =IF(B22,((D22-E22)/60*100)," ") -> 0 | G22: =IF(B22,C22*COS(PI()/180*(E22+F22))," ") -> 140.94155 | H22: =IF(B22,(C22*SIN(PI()/180*(E22+F22)))," ") -> -17.305447 | K22: =IF(B22,SUM(G22,-$I$12)," ") -> -29.841472 | L22: =IF(B22,SUM(H22,-$J$12)," ") -> 4.2274213 | M22: =IF(B22,POWER(K22,2)," ") -> 890.51347 | N22: =IF(B22,POWER(L22,2)," ") -> 17.871091 | AA22: 11 | AB22: 205.2 | AC22: 124 | AD22: =IF(AB22,AB22-$C$4," ") -> -64.8 | AE22: =IF(AB22,INT(AD22)," ") -> -65 | AF22: =IF(AB22,((AD22-AE22)/60*100)," ") -> 0.33333333 | AG22: =IF(AB22,AC22*COS(PI()/180*(AE22+AF22))," ") -> 53.057587 | AH22: =IF(AB22,(AC22*SIN(PI()/180*(AE22+AF22)))," ") -> -112.07539 | AK22: =IF(AB22,SUM(AG22,-$I$12)," ") -> -117.72544 | AL22: =IF(AB22,SUM(AH22,-$J$12)," ") -> -90.542519 | AM22: =IF(AB22,POWER(AK22,2)," ") -> 13859.279 | AN22: =IF(AB22,POWER(AL22,2)," ") -> 8197.9478
A23: 12 | B23: 263.3 | C23: 216 | D23: =IF(B23,B23-$C$4," ") -> -6.7 | E23: =IF(B23,INT(D23)," ") -> -7 | F23: =IF(B23,((D23-E23)/60*100)," ") -> 0.5 | G23: =IF(B23,C23*COS(PI()/180*(E23+F23))," ") -> 214.61152 | H23: =IF(B23,(C23*SIN(PI()/180*(E23+F23)))," ") -> -24.451894 | K23: =IF(B23,SUM(G23,-$I$12)," ") -> 43.828495 | L23: =IF(B23,SUM(H23,-$J$12)," ") -> -2.9190261 | M23: =IF(B23,POWER(K23,2)," ") -> 1920.937 | N23: =IF(B23,POWER(L23,2)," ") -> 8.5207134 | AA23: 12 | AB23: 204.2 | AC23: 130 | AD23: =IF(AB23,AB23-$C$4," ") -> -65.8 | AE23: =IF(AB23,INT(AD23)," ") -> -66 | AF23: =IF(AB23,((AD23-AE23)/60*100)," ") -> 0.33333333 | AG23: =IF(AB23,AC23*COS(PI()/180*(AE23+AF23))," ") -> 53.565788 | AH23: =IF(AB23,(AC23*SIN(PI()/180*(AE23+AF23)))," ") -> -118.45128 | AK23: =IF(AB23,SUM(AG23,-$I$12)," ") -> -117.21724 | AL23: =IF(AB23,SUM(AH23,-$J$12)," ") -> -96.918415 | AM23: =IF(AB23,POWER(AK23,2)," ") -> 13739.881 | AN23: =IF(AB23,POWER(AL23,2)," ") -> 9393.1791
A24: 13 | B24: 263.4 | C24: 174 | D24: =IF(B24,B24-$C$4," ") -> -6.6 | E24: =IF(B24,INT(D24)," ") -> -7 | F24: =IF(B24,((D24-E24)/60*100)," ") -> 0.66666667 | G24: =IF(B24,C24*COS(PI()/180*(E24+F24))," ") -> 172.93807 | H24: =IF(B24,(C24*SIN(PI()/180*(E24+F24)))," ") -> -19.194385 | K24: =IF(B24,SUM(G24,-$I$12)," ") -> 2.1550429 | L24: =IF(B24,SUM(H24,-$J$12)," ") -> 2.3384834 | M24: =IF(B24,POWER(K24,2)," ") -> 4.6442097 | N24: =IF(B24,POWER(L24,2)," ") -> 5.4685046 | AA24: 13 | AB24: 203.45 | AC24: 134 | AD24: =IF(AB24,AB24-$C$4," ") -> -66.55 | AE24: =IF(AB24,INT(AD24)," ") -> -67 | AF24: =IF(AB24,((AD24-AE24)/60*100)," ") -> 0.75 | AG24: =IF(AB24,AC24*COS(PI()/180*(AE24+AF24))," ") -> 53.968056 | AH24: =IF(AB24,(AC24*SIN(PI()/180*(AE24+AF24)))," ") -> -122.65174 | AK24: =IF(AB24,SUM(AG24,-$I$12)," ") -> -116.81497 | AL24: =IF(AB24,SUM(AH24,-$J$12)," ") -> -101.11887 | AM24: =IF(AB24,POWER(AK24,2)," ") -> 13645.737 | AN24: =IF(AB24,POWER(AL24,2)," ") -> 10225.026
... A27: 16 | B27: 264.25 | C27: 186 | D27: =IF(B27,B27-$C$4," ") -> -5.75 | E27: =IF(B27,INT(D27)," ") -> -6 | F27: =IF(B27,((D27-E27)/60*100)," ") -> 0.41666667 | G27: =IF(B27,C27*COS(PI()/180*(E27+F27))," ") -> 185.11757 | H27: =IF(B27,(C27*SIN(PI()/180*(E27+F27)))," ") -> -18.096572 | K27: =IF(B27,SUM(G27,-$I$12)," ") -> 14.334542 | L27: =IF(B27,SUM(H27,-$J$12)," ") -> 3.4362965 | M27: =IF(B27,POWER(K27,2)," ") -> 205.47911 | N27: =IF(B27,POWER(L27,2)," ") -> 11.808133 | AA27: 16 | AB27: 204.5 | AC27: 136 | AD27: =IF(AB27,AB27-$C$4," ") -> -65.5 | AE27: =IF(AB27,INT(AD27)," ") -> -66 | AF27: =IF(AB27,((AD27-AE27)/60*100)," ") -> 0.83333333 | AG27: =IF(AB27,AC27*COS(PI()/180*(AE27+AF27))," ") -> 57.117298 | AH27: =IF(AB27,(AC27*SIN(PI()/180*(AE27+AF27)))," ") -> -123.42453 | AK27: =IF(AB27,SUM(AG27,-$I$12)," ") -> -113.66573 | AL27: =IF(AB27,SUM(AH27,-$J$12)," ") -> -101.89166 | AM27: =IF(AB27,POWER(AK27,2)," ") -> 12919.898 | AN27: =IF(AB27,POWER(AL27,2)," ") -> 10381.91
A28: 17 | B28: 264.4 | C28: 184 | D28: =IF(B28,B28-$C$4," ") -> -5.6 | E28: =IF(B28,INT(D28)," ") -> -6 | F28: =IF(B28,((D28-E28)/60*100)," ") -> 0.66666667 | G28: =IF(B28,C28*COS(PI()/180*(E28+F28))," ") -> 183.20343 | H28: =IF(B28,(C28*SIN(PI()/180*(E28+F28)))," ") -> -17.102774 | K28: =IF(B28,SUM(G28,-$I$12)," ") -> 12.4204 | L28: =IF(B28,SUM(H28,-$J$12)," ") -> 4.4300937 | M28: =IF(B28,POWER(K28,2)," ") -> 154.26633 | N28: =IF(B28,POWER(L28,2)," ") -> 19.62573 | AA28: 17 | AD28: =IF(AB28,AB28-$C$4," ") | AE28: =IF(AB28,INT(AD28)," ") | AF28: =IF(AB28,((AD28-AE28)/60*100)," ") | AG28: =IF(AB28,AC28*COS(PI()/180*(AE28+AF28))," ") | AH28: =IF(AB28,(AC28*SIN(PI()/180*(AE28+AF28)))," ") | AK28: =IF(AB28,SUM(AG28,-$I$12)," ") | AL28: =IF(AB28,SUM(AH28,-$J$12)," ") | AM28: =IF(AB28,POWER(AK28,2)," ") | AN28: =IF(AB28,POWER(AL28,2)," ")
A29: 18 | B29: 264.55 | C29: 202 | D29: =IF(B29,B29-$C$4," ") -> -5.45 | E29: =IF(B29,INT(D29)," ") -> -6 | F29: =IF(B29,((D29-E29)/60*100)," ") -> 0.91666667 | G29: =IF(B29,C29*COS(PI()/180*(E29+F29))," ") -> 201.20551 | H29: =IF(B29,(C29*SIN(PI()/180*(E29+F29)))," ") -> -17.89812 | K29: =IF(B29,SUM(G29,-$I$12)," ") -> 30.422484 | L29: =IF(B29,SUM(H29,-$J$12)," ") -> 3.6347477 | M29: =IF(B29,POWER(K29,2)," ") -> 925.52755 | N29: =IF(B29,POWER(L29,2)," ") -> 13.21139 | AA29: 18 | AD29: =IF(AB29,AB29-$C$4," ") | AE29: =IF(AB29,INT(AD29)," ") | AF29: =IF(AB29,((AD29-AE29)/60*100)," ") | AG29: =IF(AB29,AC29*COS(PI()/180*(AE29+AF29))," ") | AH29: =IF(AB29,(AC29*SIN(PI()/180*(AE29+AF29)))," ") | AK29: =IF(AB29,SUM(AG29,-$I$12)," ") | AL29: =IF(AB29,SUM(AH29,-$J$12)," ") | AM29: =IF(AB29,POWER(AK29,2)," ") | AN29: =IF(AB29,POWER(AL29,2)," ")
A30: 19 | B30: 265.05 | C30: 164 | D30: =IF(B30,B30-$C$4," ") -> -4.95 | E30: =IF(B30,INT(D30)," ") -> -5 | F30: =IF(B30,((D30-E30)/60*100)," ") -> 0.083333333 | G30: =IF(B30,C30*COS(PI()/180*(E30+F30))," ") -> 163.39655 | H30: =IF(B30,(C30*SIN(PI()/180*(E30+F30)))," ") -> -14.055906 | K30: =IF(B30,SUM(G30,-$I$12)," ") -> -7.386479 | L30: =IF(B30,SUM(H30,-$J$12)," ") -> 7.4769619 | M30: =IF(B30,POWER(K30,2)," ") -> 54.560073 | N30: =IF(B30,POWER(L30,2)," ") -> 55.90496 | AA30: 19 | AD30: =IF(AB30,AB30-$C$4," ") | AE30: =IF(AB30,INT(AD30)," ") | AF30: =IF(AB30,((AD30-AE30)/60*100)," ") | AG30: =IF(AB30,AC30*COS(PI()/180*(AE30+AF30))," ") | AH30: =IF(AB30,(AC30*SIN(PI()/180*(AE30+AF30)))," ") | AK30: =IF(AB30,SUM(AG30,-$I$12)," ") | AL30: =IF(AB30,SUM(AH30,-$J$12)," ") | AM30: =IF(AB30,POWER(AK30,2)," ") | AN30: =IF(AB30,POWER(AL30,2)," ")
A31: 20 | B31: 266.05 | C31: 150 | D31: =IF(B31,B31-$C$4," ") -> -3.95 | E31: =IF(B31,INT(D31)," ") -> -4 | F31: =IF(B31,((D31-E31)/60*100)," ") -> 0.083333333 | G31: =IF(B31,C31*COS(PI()/180*(E31+F31))," ") -> 149.64967 | H31: =IF(B31,(C31*SIN(PI()/180*(E31+F31)))," ") -> -10.245825 | K31: =IF(B31,SUM(G31,-$I$12)," ") -> -21.133358 | L31: =IF(B31,SUM(H31,-$J$12)," ") -> 11.287043 | M31: =IF(B31,POWER(K31,2)," ") -> 446.61882 | N31: =IF(B31,POWER(L31,2)," ") -> 127.39733 | AA31: 20 | AD31: =IF(AB31,AB31-$C$4," ") | AE31: =IF(AB31,INT(AD31)," ") | AF31: =IF(AB31,((AD31-AE31)/60*100)," ") | AG31: =IF(AB31,AC31*COS(PI()/180*(AE31+AF31))," ") | AH31: =IF(AB31,(AC31*SIN(PI()/180*(AE31+AF31)))," ") | AK31: =IF(AB31,SUM(AG31,-$I$12)," ") | AL31: =IF(AB31,SUM(AH31,-$J$12)," ") | AM31: =IF(AB31,POWER(AK31,2)," ") | AN31: =IF(AB31,POWER(AL31,2)," ")
A32: 21 | B32: 266.2 | C32: 156 | D32: =IF(B32,B32-$C$4," ") -> -3.8 | E32: =IF(B32,INT(D32)," ") -> -4 | F32: =IF(B32,((D32-E32)/60*100)," ") -> 0.33333333 | G32: =IF(B32,C32*COS(PI()/180*(E32+F32))," ") -> 155.68067 | H32: =IF(B32,(C32*SIN(PI()/180*(E32+F32)))," ") -> -9.9764704 | K32: =IF(B32,SUM(G32,-$I$12)," ") -> -15.102359 | L32: =IF(B32,SUM(H32,-$J$12)," ") -> 11.556398 | M32: =IF(B32,POWER(K32,2)," ") -> 228.08125 | N32: =IF(B32,POWER(L32,2)," ") -> 133.55033 | AA32: 21 | AD32: =IF(AB32,AB32-$C$4," ") | AE32: =IF(AB32,INT(AD32)," ") | AF32: =IF(AB32,((AD32-AE32)/60*100)," ") | AG32: =IF(AB32,AC32*COS(PI()/180*(AE32+AF32))," ") | AH32: =IF(AB32,(AC32*SIN(PI()/180*(AE32+AF32)))," ") | AK32: =IF(AB32,SUM(AG32,-$I$12)," ") | AL32: =IF(AB32,SUM(AH32,-$J$12)," ") | AM32: =IF(AB32,POWER(AK32,2)," ") | AN32: =IF(AB32,POWER(AL32,2)," ")
A33: 22 | B33: 267.05 | C33: 176 | D33: =IF(B33,B33-$C$4," ") -> -2.95 | E33: =IF(B33,INT(D33)," ") -> -3 | F33: =IF(B33,((D33-E33)/60*100)," ") -> 0.083333333 | G33: =IF(B33,C33*COS(PI()/180*(E33+F33))," ") -> 175.77201 | H33: =IF(B33,(C33*SIN(PI()/180*(E33+F33)))," ") -> -8.9554878 | K33: =IF(B33,SUM(G33,-$I$12)," ") -> 4.9889834 | L33: =IF(B33,SUM(H33,-$J$12)," ") -> 12.57738 | M33: =IF(B33,POWER(K33,2)," ") -> 24.889956 | N33: =IF(B33,POWER(L33,2)," ") -> 158.19049 | AA33: 22 | AD33: =IF(AB33,AB33-$C$4," ") | AE33: =IF(AB33,INT(AD33)," ") | AF33: =IF(AB33,((AD33-AE33)/60*100)," ") | AG33: =IF(AB33,AC33*COS(PI()/180*(AE33+AF33))," ") | AH33: =IF(AB33,(AC33*SIN(PI()/180*(AE33+AF33)))," ") | AK33: =IF(AB33,SUM(AG33,-$I$12)," ") | AL33: =IF(AB33,SUM(AH33,-$J$12)," ") | AM33: =IF(AB33,POWER(AK33,2)," ") | AN33: =IF(AB33,POWER(AL33,2)," ")
A34: 23 | B34: 270.4 | C34: 196 | D34: =IF(B34,B34-$C$4," ") -> 0.4 | E34: =IF(B34,INT(D34)," ") -> 0 | F34: =IF(B34,((D34-E34)/60*100)," ") -> 0.66666667 | G34: =IF(B34,C34*COS(PI()/180*(E34+F34))," ") -> 195.98673 | H34: =IF(B34,(C34*SIN(PI()/180*(E34+F34)))," ") -> 2.2805121 | K34: =IF(B34,SUM(G34,-$I$12)," ") -> 25.203707 | L34: =IF(B34,SUM(H34,-$J$12)," ") -> 23.81338 | M34: =IF(B34,POWER(K34,2)," ") -> 635.22682 | N34: =IF(B34,POWER(L34,2)," ") -> 567.07707 | AA34: 23 | AD34: =IF(AB34,AB34-$C$4," ") | AE34: =IF(AB34,INT(AD34)," ") | AF34: =IF(AB34,((AD34-AE34)/60*100)," ") | AG34: =IF(AB34,AC34*COS(PI()/180*(AE34+AF34))," ") | AH34: =IF(AB34,(AC34*SIN(PI()/180*(AE34+AF34)))," ") | AK34: =IF(AB34,SUM(AG34,-$I$12)," ") | AL34: =IF(AB34,SUM(AH34,-$J$12)," ") | AM34: =IF(AB34,POWER(AK34,2)," ") | AN34: =IF(AB34,POWER(AL34,2)," ")
A35: 24 | D35: =IF(B35,B35-$C$4," ") | E35: =IF(B35,INT(D35)," ") | F35: =IF(B35,((D35-E35)/60*100)," ") | G35: =IF(B35,C35*COS(PI()/180*(E35+F35))," ") | H35: =IF(B35,(C35*SIN(PI()/180*(E35+F35)))," ") | K35: =IF(B35,SUM(G35,-$I$12)," ") | L35: =IF(B35,SUM(H35,-$J$12)," ") | M35: =IF(B35,POWER(K35,2)," ") | N35: =IF(B35,POWER(L35,2)," ") | AA35: 24 | AD35: =IF(AB35,AB35-$C$4," ") | AE35: =IF(AB35,INT(AD35)," ") | AF35: =IF(AB35,((AD35-AE35)/60*100)," ") | AG35: =IF(AB35,AC35*COS(PI()/180*(AE35+AF35))," ") | AH35: =IF(AB35,(AC35*SIN(PI()/180*(AE35+AF35)))," ") | AK35: =IF(AB35,SUM(AG35,-$I$12)," ") | AL35: =IF(AB35,SUM(AH35,-$J$12)," ") | AM35: =IF(AB35,POWER(AK35,2)," ") | AN35: =IF(AB35,POWER(AL35,2)," ")
A36: КОБЭ от НАР 2 | AA36: КОБЭ от НАР 6
A37: номер п/п | B37: азимут | C37: дальность | D37: Азимут за вычетом боевого курса | E37: градусы | F37: минуты (в сотых градуса) | G37: х | H37: z | I37: Мх | J37: Мz | K37: Хт-Мх | L37: Zт-Мz | M37: (Хт-Мх)*2 | N37: (Zт-Мz)*2 | O37: N-1 | P37: Σ(Хт-Мх)*2 | Q37: Σ(Zт-Мz)*2 | R37: (Σ(Хт-Мх)*2)/(N-1) | S37: (Σ(Zт-Мz)*2)/(N-1) | T37: Сигма X | U37: Сигма Z | V37: σX*σZ | W37: СКО КОБЭ | AA37: номер п/п | AB37: азимут | AC37: дальность | AD37: Азимут за вычетом боевого курса | AE37: градусы | AF37: минуты (в сотых градуса) | AG37: х | AH37: z | AI37: Мх | AJ37: Мz | AK37: Хт-Мх | AL37: Zт-Мz | AM37: (Хт-Мх)*2 | AN37: (Zт-Мz)*2 | AO37: N-1 | AP37: Σ(Хт-Мх)*2 | AQ37: Σ(Zт-Мz)*2 | AR37: (Σ(Хт-Мх)*2)/(N-1) | AS37: (Σ(Zт-Мz)*2)/(N-1) | AT37: Сигма X | AU37: Сигма Z | AV37: σX*σZ | AW37: СКО КОБЭ
A38: 1 | B38: 277.05 | C38: 124 | D38: =IF(B38,B38-$C$4," ") -> 7.05 | E38: =IF(B38,INT(D38)," ") -> 7 | F38: =IF(B38,((D38-E38)/60*100)," ") -> 0.083333333 | G38: =IF(B38,C38*COS(PI()/180*(E38+F38))," ") -> 123.05361 | H38: =IF(B38,(C38*SIN(PI()/180*(E38+F38)))," ") -> 15.290789 | I38: =SUM(G38:G61)/E6 -> 106.54218 | J38: =SUM(H38:H61)/E6 -> 23.722547 | K38: =IF(B38,SUM(G38,-$I$12)," ") -> -47.729412 | L38: =IF(B38,SUM(H38,-$J$12)," ") -> 36.823657 | M38: =IF(B38,POWER(K38,2)," ") -> 2278.0968 | N38: =IF(B38,POWER(L38,2)," ") -> 1355.9817 | O38: =E6-1 -> 23 | P38: =SUM(M38:M61) -> 103445 | Q38: =SUM(N38:N61) -> 51197.669 | R38: =PRODUCT(P38,1/$O$38) -> 4497.6088 | S38: =PRODUCT(Q38,1/$O$38) -> 2225.9856 | T38: =SQRT(R38) -> 67.064214 | U38: =SQRT(S38) -> 47.180352 | V38: =PRODUCT(T38:U38) -> 3164.1132 | W38: =SQRT(V38) -> 56.250451 | AA38: 1 | AB38: 223.3 | AC38: 166 | AD38: =IF(AB38,AB38-$C$4," ") -> -46.7 | AE38: =IF(AB38,INT(AD38)," ") -> -47 | AF38: =IF(AB38,((AD38-AE38)/60*100)," ") -> 0.5 | AG38: =IF(AB38,AC38*COS(PI()/180*(AE38+AF38))," ") -> 114.26686 | AH38: =IF(AB38,(AC38*SIN(PI()/180*(AE38+AF38)))," ") -> -120.41215 | AI38: =SUM(AG38:AG61)/E8 -> 82.049096 | AJ38: =SUM(AH38:AH61)/E8 -> -117.80354 | AK38: =IF(AB38,SUM(AG38,-$I$12)," ") -> -56.516166 | AL38: =IF(AB38,SUM(AH38,-$J$12)," ") -> -98.879278 | AM38: =IF(AB38,POWER(AK38,2)," ") -> 3194.077 | AN38: =IF(AB38,POWER(AL38,2)," ") -> 9777.1115 | AO38: =E8-1 -> 23 | AP38: =SUM(AM38:AM61) -> 194480.72 | AQ38: =SUM(AN38:AN61) -> 226503.86 | AR38: =PRODUCT(AP38,1/$O$38) -> 8455.6836 | AS38: =PRODUCT(AQ38,1/$O$38) -> 9847.9939 | AT38: =SQRT(AR38) -> 91.954791 | AU38: =SQRT(AS38) -> 99.237059 | AV38: =PRODUCT(AT38:AU38) -> 9125.3231 | AW38: =SQRT(AV38) -> 95.526557
A39: 2 | B39: 278.2 | C39: 124 | D39: =IF(B39,B39-$C$4," ") -> 8.2 | E39: =IF(B39,INT(D39)," ") -> 8 | F39: =IF(B39,((D39-E39)/60*100)," ") -> 0.33333333 | G39: =IF(B39,C39*COS(PI()/180*(E39+F39))," ") -> 122.69076 | H39: =IF(B39,(C39*SIN(PI()/180*(E39+F39)))," ") -> 17.971551 | K39: =IF(B39,SUM(G39,-$I$12)," ") -> -48.092263 | L39: =IF(B39,SUM(H39,-$J$12)," ") -> 39.504419 | M39: =IF(B39,POWER(K39,2)," ") -> 2312.8657 | N39: =IF(B39,POWER(L39,2)," ") -> 1560.5991 | AA39: 2 | AB39: 222.25 | AC39: 160 | AD39: =IF(AB39,AB39-$C$4," ") -> -47.75 | AE39: =IF(AB39,INT(AD39)," ") -> -48 | AF39: =IF(AB39,((AD39-AE39)/60*100)," ") -> 0.41666667 | AG39: =IF(AB39,AC39*COS(PI()/180*(AE39+AF39))," ") -> 107.92275 | AH39: =IF(AB39,(AC39*SIN(PI()/180*(AE39+AF39)))," ") -> -118.12147 | AK39: =IF(AB39,SUM(AG39,-$I$12)," ") -> -62.860279 | AL39: =IF(AB39,SUM(AH39,-$J$12)," ") -> -96.588598 | AM39: =IF(AB39,POWER(AK39,2)," ") -> 3951.4147 | AN39: =IF(AB39,POWER(AL39,2)," ") -> 9329.3573
A40: 3 | B40: 278.35 | C40: 134 | D40: =IF(B40,B40-$C$4," ") -> 8.35 | E40: =IF(B40,INT(D40)," ") -> 8 | F40: =IF(B40,((D40-E40)/60*100)," ") -> 0.58333333 | G40: =IF(B40,C40*COS(PI()/180*(E40+F40))," ") -> 132.49918 | H40: =IF(B40,(C40*SIN(PI()/180*(E40+F40)))," ") -> 19.999194 | K40: =IF(B40,SUM(G40,-$I$12)," ") -> -38.283848 | L40: =IF(B40,SUM(H40,-$J$12)," ") -> 41.532062 | M40: =IF(B40,POWER(K40,2)," ") -> 1465.653 | N40: =IF(B40,POWER(L40,2)," ") -> 1724.9122 | AA40: 3 | AB40: 220.1 | AC40: 158 | AD40: =IF(AB40,AB40-$C$4," ") -> -49.9 | AE40: =IF(AB40,INT(AD40)," ") -> -50 | AF40: =IF(AB40,((AD40-AE40)/60*100)," ") -> 0.16666667 | AG40: =IF(AB40,AC40*COS(PI()/180*(AE40+AF40))," ") -> 101.91209 | AH40: =IF(AB40,(AC40*SIN(PI()/180*(AE40+AF40)))," ") -> -120.73908 | AK40: =IF(AB40,SUM(AG40,-$I$12)," ") -> -68.870937 | AL40: =IF(AB40,SUM(AH40,-$J$12)," ") -> -99.206215 | AM40: =IF(AB40,POWER(AK40,2)," ") -> 4743.206 | AN40: =IF(AB40,POWER(AL40,2)," ") -> 9841.8731
A41: 4 | B41: 279.15 | C41: 124 | D41: =IF(B41,B41-$C$4," ") -> 9.15 | E41: =IF(B41,INT(D41)," ") -> 9 | F41: =IF(B41,((D41-E41)/60*100)," ") -> 0.25 | G41: =IF(B41,C41*COS(PI()/180*(E41+F41))," ") -> 122.38755 | H41: =IF(B41,(C41*SIN(PI()/180*(E41+F41)))," ") -> 19.932078 | K41: =IF(B41,SUM(G41,-$I$12)," ") -> -48.395476 | L41: =IF(B41,SUM(H41,-$J$12)," ") -> 41.464946 | M41: =IF(B41,POWER(K41,2)," ") -> 2342.1221 | N41: =IF(B41,POWER(L41,2)," ") -> 1719.3418 | AA41: 4 | AB41: 218 | AC41: 154 | AD41: =IF(AB41,AB41-$C$4," ") -> -52 | AE41: =IF(AB41,INT(AD41)," ") -> -52 | AF41: =IF(AB41,((AD41-AE41)/60*100)," ") -> 0 | AG41: =IF(AB41,AC41*COS(PI()/180*(AE41+AF41))," ") -> 94.811867 | AH41: =IF(AB41,(AC41*SIN(PI()/180*(AE41+AF41)))," ") -> -121.35366 | AK41: =IF(AB41,SUM(AG41,-$I$12)," ") -> -75.971159 | AL41: =IF(AB41,SUM(AH41,-$J$12)," ") -> -99.820788 | AM41: =IF(AB41,POWER(AK41,2)," ") -> 5771.6169 | AN41: =IF(AB41,POWER(AL41,2)," ") -> 9964.1897
A42: 5 | B42: 282.45 | C42: 130 | D42: =IF(B42,B42-$C$4," ") -> 12.45 | E42: =IF(B42,INT(D42)," ") -> 12 | F42: =IF(B42,((D42-E42)/60*100)," ") -> 0.75 | G42: =IF(B42,C42*COS(PI()/180*(E42+F42))," ") -> 126.7945 | H42: =IF(B42,(C42*SIN(PI()/180*(E42+F42)))," ") -> 28.690667 | K42: =IF(B42,SUM(G42,-$I$12)," ") -> -43.988524 | L42: =IF(B42,SUM(H42,-$J$12)," ") -> 50.223535 | M42: =IF(B42,POWER(K42,2)," ") -> 1934.9903 | N42: =IF(B42,POWER(L42,2)," ") -> 2522.4034 | AA42: 5 | AB42: 220 | AC42: 144 | AD42: =IF(AB42,AB42-$C$4," ") -> -50 | AE42: =IF(AB42,INT(AD42)," ") -> -50 | AF42: =IF(AB42,((AD42-AE42)/60*100)," ") -> 0 | AG42: =IF(AB42,AC42*COS(PI()/180*(AE42+AF42))," ") -> 92.561416 | AH42: =IF(AB42,(AC42*SIN(PI()/180*(AE42+AF42)))," ") -> -110.3104 | AK42: =IF(AB42,SUM(AG42,-$I$12)," ") -> -78.22161 | AL42: =IF(AB42,SUM(AH42,-$J$12)," ") -> -88.777532 | AM42: =IF(AB42,POWER(AK42,2)," ") -> 6118.6203 | AN42: =IF(AB42,POWER(AL42,2)," ") -> 7881.4501
A43: 6 | B43: 281.15 | C43: 122 | D43: =IF(B43,B43-$C$4," ") -> 11.15 | E43: =IF(B43,INT(D43)," ") -> 11 | F43: =IF(B43,((D43-E43)/60*100)," ") -> 0.25 | G43: =IF(B43,C43*COS(PI()/180*(E43+F43))," ") -> 119.6558 | H43: =IF(B43,(C43*SIN(PI()/180*(E43+F43)))," ") -> 23.801019 | K43: =IF(B43,SUM(G43,-$I$12)," ") -> -51.127222 | L43: =IF(B43,SUM(H43,-$J$12)," ") -> 45.333887 | M43: =IF(B43,POWER(K43,2)," ") -> 2613.9928 | N43: =IF(B43,POWER(L43,2)," ") -> 2055.1613 | AA43: 6 | AB43: 218.15 | AC43: 140 | AD43: =IF(AB43,AB43-$C$4," ") -> -51.85 | AE43: =IF(AB43,INT(AD43)," ") -> -52 | AF43: =IF(AB43,((AD43-AE43)/60*100)," ") -> 0.25 | AG43: =IF(AB43,AC43*COS(PI()/180*(AE43+AF43))," ") -> 86.673153 | AH43: =IF(AB43,(AC43*SIN(PI()/180*(AE43+AF43)))," ") -> -109.94437 | AK43: =IF(AB43,SUM(AG43,-$I$12)," ") -> -84.109873 | AL43: =IF(AB43,SUM(AH43,-$J$12)," ") -> -88.411502 | AM43: =IF(AB43,POWER(AK43,2)," ") -> 7074.4707 | AN43: =IF(AB43,POWER(AL43,2)," ") -> 7816.5937
A44: 7 | B44: 280.3 | C44: 118 | D44: =IF(B44,B44-$C$4," ") -> 10.3 | E44: =IF(B44,INT(D44)," ") -> 10 | F44: =IF(B44,((D44-E44)/60*100)," ") -> 0.5 | G44: =IF(B44,C44*COS(PI()/180*(E44+F44))," ") -> 116.02408 | H44: =IF(B44,(C44*SIN(PI()/180*(E44+F44)))," ") -> 21.503792 | K44: =IF(B44,SUM(G44,-$I$12)," ") -> -54.758947 | L44: =IF(B44,SUM(H44,-$J$12)," ") -> 43.03666 | M44: =IF(B44,POWER(K44,2)," ") -> 2998.5422 | N44: =IF(B44,POWER(L44,2)," ") -> 1852.1541 | AA44: 7 | AB44: 217.05 | AC44: 138 | AD44: =IF(AB44,AB44-$C$4," ") -> -52.95 | AE44: =IF(AB44,INT(AD44)," ") -> -53 | AF44: =IF(AB44,((AD44-AE44)/60*100)," ") -> 0.083333333 | AG44: =IF(AB44,AC44*COS(PI()/180*(AE44+AF44))," ") -> 83.210682 | AH44: =IF(AB44,(AC44*SIN(PI()/180*(AE44+AF44)))," ") -> -110.09079 | AK44: =IF(AB44,SUM(AG44,-$I$12)," ") -> -87.572344 | AL44: =IF(AB44,SUM(AH44,-$J$12)," ") -> -88.557924 | AM44: =IF(AB44,POWER(AK44,2)," ") -> 7668.9155 | AN44: =IF(AB44,POWER(AL44,2)," ") -> 7842.5059
A45: 8 | B45: 285.2 | C45: 128 | D45: =IF(B45,B45-$C$4," ") -> 15.2 | E45: =IF(B45,INT(D45)," ") -> 15 | F45: =IF(B45,((D45-E45)/60*100)," ") -> 0.33333333 | G45: =IF(B45,C45*COS(PI()/180*(E45+F45))," ") -> 123.44368 | H45: =IF(B45,(C45*SIN(PI()/180*(E45+F45)))," ") -> 33.847573 | K45: =IF(B45,SUM(G45,-$I$12)," ") -> -47.339347 | L45: =IF(B45,SUM(H45,-$J$12)," ") -> 55.380441 | M45: =IF(B45,POWER(K45,2)," ") -> 2241.0138 | N45: =IF(B45,POWER(L45,2)," ") -> 3066.9932 | AA45: 8 | AB45: 208.05 | AC45: 134 | AD45: =IF(AB45,AB45-$C$4," ") -> -61.95 | AE45: =IF(AB45,INT(AD45)," ") -> -62 | AF45: =IF(AB45,((AD45-AE45)/60*100)," ") -> 0.083333333 | AG45: =IF(AB45,AC45*COS(PI()/180*(AE45+AF45))," ") -> 63.081205 | AH45: =IF(AB45,(AC45*SIN(PI()/180*(AE45+AF45)))," ") -> -118.22335 | AK45: =IF(AB45,SUM(AG45,-$I$12)," ") -> -107.70182 | AL45: =IF(AB45,SUM(AH45,-$J$12)," ") -> -96.690487 | AM45: =IF(AB45,POWER(AK45,2)," ") -> 11599.682 | AN45: =IF(AB45,POWER(AL45,2)," ") -> 9349.0502
A46: 9 | B46: 286.1 | C46: 118 | D46: =IF(B46,B46-$C$4," ") -> 16.1 | E46: =IF(B46,INT(D46)," ") -> 16 | F46: =IF(B46,((D46-E46)/60*100)," ") -> 0.16666667 | G46: =IF(B46,C46*COS(PI()/180*(E46+F46))," ") -> 113.33379 | H46: =IF(B46,(C46*SIN(PI()/180*(E46+F46)))," ") -> 32.855021 | K46: =IF(B46,SUM(G46,-$I$12)," ") -> -57.449237 | L46: =IF(B46,SUM(H46,-$J$12)," ") -> 54.387889 | M46: =IF(B46,POWER(K46,2)," ") -> 3300.4149 | N46: =IF(B46,POWER(L46,2)," ") -> 2958.0425 | AA46: 9 | AB46: 211.3 | AC46: 132 | AD46: =IF(AB46,AB46-$C$4," ") -> -58.7 | AE46: =IF(AB46,INT(AD46)," ") -> -59 | AF46: =IF(AB46,((AD46-AE46)/60*100)," ") -> 0.5 | AG46: =IF(AB46,AC46*COS(PI()/180*(AE46+AF46))," ") -> 68.969811 | AH46: =IF(AB46,(AC46*SIN(PI()/180*(AE46+AF46)))," ") -> -112.5485 | AK46: =IF(AB46,SUM(AG46,-$I$12)," ") -> -101.81322 | AL46: =IF(AB46,SUM(AH46,-$J$12)," ") -> -91.015634 | AM46: =IF(AB46,POWER(AK46,2)," ") -> 10365.931 | AN46: =IF(AB46,POWER(AL46,2)," ") -> 8283.8456
A47: 10 | B47: 284.05 | C47: 114 | D47: =IF(B47,B47-$C$4," ") -> 14.05 | E47: =IF(B47,INT(D47)," ") -> 14 | F47: =IF(B47,((D47-E47)/60*100)," ") -> 0.083333333 | G47: =IF(B47,C47*COS(PI()/180*(E47+F47))," ") -> 110.57348 | H47: =IF(B47,(C47*SIN(PI()/180*(E47+F47)))," ") -> 27.739948 | K47: =IF(B47,SUM(G47,-$I$12)," ") -> -60.209542 | L47: =IF(B47,SUM(H47,-$J$12)," ") -> 49.272816 | M47: =IF(B47,POWER(K47,2)," ") -> 3625.189 | N47: =IF(B47,POWER(L47,2)," ") -> 2427.8104 | AA47: 10 | AB47: 209.3 | AC47: 122 | AD47: =IF(AB47,AB47-$C$4," ") -> -60.7 | AE47: =IF(AB47,INT(AD47)," ") -> -61 | AF47: =IF(AB47,((AD47-AE47)/60*100)," ") -> 0.5 | AG47: =IF(AB47,AC47*COS(PI()/180*(AE47+AF47))," ") -> 60.075674 | AH47: =IF(AB47,(AC47*SIN(PI()/180*(AE47+AF47)))," ") -> -106.18339 | AK47: =IF(AB47,SUM(AG47,-$I$12)," ") -> -110.70735 | AL47: =IF(AB47,SUM(AH47,-$J$12)," ") -> -84.650527 | AM47: =IF(AB47,POWER(AK47,2)," ") -> 12256.118 | AN47: =IF(AB47,POWER(AL47,2)," ") -> 7165.7117
A48: 11 | B48: 288.05 | C48: 110 | D48: =IF(B48,B48-$C$4," ") -> 18.05 | E48: =IF(B48,INT(D48)," ") -> 18 | F48: =IF(B48,((D48-E48)/60*100)," ") -> 0.083333333 | G48: =IF(B48,C48*COS(PI()/180*(E48+F48))," ") -> 104.56667 | H48: =IF(B48,(C48*SIN(PI()/180*(E48+F48)))," ") -> 34.143991 | K48: =IF(B48,SUM(G48,-$I$12)," ") -> -66.216359 | L48: =IF(B48,SUM(H48,-$J$12)," ") -> 55.67686 | M48: =IF(B48,POWER(K48,2)," ") -> 4384.6062 | N48: =IF(B48,POWER(L48,2)," ") -> 3099.9127 | AA48: 11 | AB48: 212.2 | AC48: 124 | AD48: =IF(AB48,AB48-$C$4," ") -> -57.8 | AE48: =IF(AB48,INT(AD48)," ") -> -58 | AF48: =IF(AB48,((AD48-AE48)/60*100)," ") -> 0.33333333 | AG48: =IF(AB48,AC48*COS(PI()/180*(AE48+AF48))," ") -> 66.320658 | AH48: =IF(AB48,(AC48*SIN(PI()/180*(AE48+AF48)))," ") -> -104.7739 | AK48: =IF(AB48,SUM(AG48,-$I$12)," ") -> -104.46237 | AL48: =IF(AB48,SUM(AH48,-$J$12)," ") -> -83.241033 | AM48: =IF(AB48,POWER(AK48,2)," ") -> 10912.386 | AN48: =IF(AB48,POWER(AL48,2)," ") -> 6929.0696
A49: 12 | B49: 289.45 | C49: 108 | D49: =IF(B49,B49-$C$4," ") -> 19.45 | E49: =IF(B49,INT(D49)," ") -> 19 | F49: =IF(B49,((D49-E49)/60*100)," ") -> 0.75 | G49: =IF(B49,C49*COS(PI()/180*(E49+F49))," ") -> 101.64701 | H49: =IF(B49,(C49*SIN(PI()/180*(E49+F49)))," ") -> 36.495006 | K49: =IF(B49,SUM(G49,-$I$12)," ") -> -69.136016 | L49: =IF(B49,SUM(H49,-$J$12)," ") -> 58.027874 | M49: =IF(B49,POWER(K49,2)," ") -> 4779.7887 | N49: =IF(B49,POWER(L49,2)," ") -> 3367.2341 | AA49: 12 | AB49: 213.05 | AC49: 132 | AD49: =IF(AB49,AB49-$C$4," ") -> -56.95 | AE49: =IF(AB49,INT(AD49)," ") -> -57 | AF49: =IF(AB49,((AD49-AE49)/60*100)," ") -> 0.083333333 | AG49: =IF(AB49,AC49*COS(PI()/180*(AE49+AF49))," ") -> 72.05329 | AH49: =IF(AB49,(AC49*SIN(PI()/180*(AE49+AF49)))," ") -> -110.59983 | AK49: =IF(AB49,SUM(AG49,-$I$12)," ") -> -98.729736 | AL49: =IF(AB49,SUM(AH49,-$J$12)," ") -> -89.066967 | AM49: =IF(AB49,POWER(AK49,2)," ") -> 9747.5608 | AN49: =IF(AB49,POWER(AL49,2)," ") -> 7932.9245
A50: 13 | B50: 290.35 | C50: 106 | D50: =IF(B50,B50-$C$4," ") -> 20.35 | E50: =IF(B50,INT(D50)," ") -> 20 | F50: =IF(B50,((D50-E50)/60*100)," ") -> 0.58333333 | G50: =IF(B50,C50*COS(PI()/180*(E50+F50))," ") -> 99.233155 | H50: =IF(B50,(C50*SIN(PI()/180*(E50+F50)))," ") -> 37.266351 | K50: =IF(B50,SUM(G50,-$I$12)," ") -> -71.54987 | L50: =IF(B50,SUM(H50,-$J$12)," ") -> 58.799219 | M50: =IF(B50,POWER(K50,2)," ") -> 5119.384 | N50: =IF(B50,POWER(L50,2)," ") -> 3457.3481 | AA50: 13 | AB50: 216.3 | AC50: 122 | AD50: =IF(AB50,AB50-$C$4," ") -> -53.7 | AE50: =IF(AB50,INT(AD50)," ") -> -54 | AF50: =IF(AB50,((AD50-AE50)/60*100)," ") -> 0.5 | AG50: =IF(AB50,AC50*COS(PI()/180*(AE50+AF50))," ") -> 72.56838 | AH50: =IF(AB50,(AC50*SIN(PI()/180*(AE50+AF50)))," ") -> -98.070537 | AK50: =IF(AB50,SUM(AG50,-$I$12)," ") -> -98.214646 | AL50: =IF(AB50,SUM(AH50,-$J$12)," ") -> -76.537669 | AM50: =IF(AB50,POWER(AK50,2)," ") -> 9646.1167 | AN50: =IF(AB50,POWER(AL50,2)," ") -> 5858.0148
... A61: 24 | B61: 271.45 | C61: 96 | D61: =IF(B61,B61-$C$4," ") -> 1.45 | E61: =IF(B61,INT(D61)," ") -> 1 | F61: =IF(B61,((D61-E61)/60*100)," ") -> 0.75 | G61: =IF(B61,C61*COS(PI()/180*(E61+F61))," ") -> 95.955225 | H61: =IF(B61,(C61*SIN(PI()/180*(E61+F61)))," ") -> 2.9316973 | K61: =IF(B61,SUM(G61,-$I$12)," ") -> -74.827801 | L61: =IF(B61,SUM(H61,-$J$12)," ") -> 24.464565 | M61: =IF(B61,POWER(K61,2)," ") -> 5599.1998 | N61: =IF(B61,POWER(L61,2)," ") -> 598.51496 | AA61: 24 | AB61: 217.3 | AC61: 160 | AD61: =IF(AB61,AB61-$C$4," ") -> -52.7 | AE61: =IF(AB61,INT(AD61)," ") -> -53 | AF61: =IF(AB61,((AD61-AE61)/60*100)," ") -> 0.5 | AG61: =IF(AB61,AC61*COS(PI()/180*(AE61+AF61))," ") -> 97.401829 | AH61: =IF(AB61,(AC61*SIN(PI()/180*(AE61+AF61)))," ") -> -126.93653 | AK61: =IF(AB61,SUM(AG61,-$I$12)," ") -> -73.381197 | AL61: =IF(AB61,SUM(AH61,-$J$12)," ") -> -105.40367 | AM61: =IF(AB61,POWER(AK61,2)," ") -> 5384.8001 | AN61: =IF(AB61,POWER(AL61,2)," ") -> 11109.933
A62: КОБЭ от НАР 3
A63: номер п/п | B63: азимут | C63: дальность | D63: Азимут за вычетом боевого курса | E63: градусы | F63: минуты (в сотых градуса) | G63: х | H63: z | I63: Мх | J63: Мz | K63: Хт-Мх | L63: Zт-Мz | M63: (Хт-Мх)*2 | N63: (Zт-Мz)*2 | O63: N-1 | P63: Σ(Хт-Мх)*2 | Q63: Σ(Zт-Мz)*2 | R63: (Σ(Хт-Мх)*2)/(N-1) | S63: (Σ(Zт-Мz)*2)/(N-1) | T63: Сигма X | U63: Сигма Z | V63: σX*σZ | W63: СКО КОБЭ
A64: 1 | B64: 272.1 | C64: 66 | D64: =IF(B64,B64-$C$4," ") -> 2.1 | E64: =IF(B64,INT(D64)," ") -> 2 | F64: =IF(B64,((D64-E64)/60*100)," ") -> 0.16666667 | G64: =IF(B64,C64*COS(PI()/180*(E64+F64))," ") -> 65.952815 | H64: =IF(B64,(C64*SIN(PI()/180*(E64+F64)))," ") -> 2.495226 | I64: =SUM(G64:G83)/F6 -> 58.132835 | J64: =SUM(H64:H83)/F6 -> 25.599138 | K64: =IF(B64,SUM(G64,-$I$12)," ") -> -104.83021 | L64: =IF(B64,SUM(H64,-$J$12)," ") -> 24.028094 | M64: =IF(B64,POWER(K64,2)," ") -> 10989.373 | N64: =IF(B64,POWER(L64,2)," ") -> 577.34931 | O64: =F6-1 -> 19 | P64: =SUM(M64:M87) -> 258918.24 | Q64: =SUM(N64:N87) -> 51912.741 | R64: =PRODUCT(P64,1/$O$38) -> 11257.315 | S64: =PRODUCT(Q64,1/$O$38) -> 2257.0757 | T64: =SQRT(R64) -> 106.10049 | U64: =SQRT(S64) -> 47.508691 | V64: =PRODUCT(T64:U64) -> 5040.6955 | W64: =SQRT(V64) -> 70.997856
A65: 2 | B65: 274.55 | C65: 62 | D65: =IF(B65,B65-$C$4," ") -> 4.55 | E65: =IF(B65,INT(D65)," ") -> 4 | F65: =IF(B65,((D65-E65)/60*100)," ") -> 0.91666667 | G65: =IF(B65,C65*COS(PI()/180*(E65+F65))," ") -> 61.771865 | H65: =IF(B65,(C65*SIN(PI()/180*(E65+F65)))," ") -> 5.3138182 | K65: =IF(B65,SUM(G65,-$I$12)," ") -> -109.01116 | L65: =IF(B65,SUM(H65,-$J$12)," ") -> 26.846686 | M65: =IF(B65,POWER(K65,2)," ") -> 11883.433 | N65: =IF(B65,POWER(L65,2)," ") -> 720.74456
A66: 3 | B66: 276.05 | C66: 90 | D66: =IF(B66,B66-$C$4," ") -> 6.05 | E66: =IF(B66,INT(D66)," ") -> 6 | F66: =IF(B66,((D66-E66)/60*100)," ") -> 0.083333333 | G66: =IF(B66,C66*COS(PI()/180*(E66+F66))," ") -> 89.493193 | H66: =IF(B66,(C66*SIN(PI()/180*(E66+F66)))," ") -> 9.5377343 | K66: =IF(B66,SUM(G66,-$I$12)," ") -> -81.289833 | L66: =IF(B66,SUM(H66,-$J$12)," ") -> 31.070602 | M66: =IF(B66,POWER(K66,2)," ") -> 6608.0369 | N66: =IF(B66,POWER(L66,2)," ") -> 965.38233
A67: 4 | B67: 285 | C67: 56 | D67: =IF(B67,B67-$C$4," ") -> 15 | E67: =IF(B67,INT(D67)," ") -> 15 | F67: =IF(B67,((D67-E67)/60*100)," ") -> 0 | G67: =IF(B67,C67*COS(PI()/180*(E67+F67))," ") -> 54.091846 | H67: =IF(B67,(C67*SIN(PI()/180*(E67+F67)))," ") -> 14.493867 | K67: =IF(B67,SUM(G67,-$I$12)," ") -> -116.69118 | L67: =IF(B67,SUM(H67,-$J$12)," ") -> 36.026735 | M67: =IF(B67,POWER(K67,2)," ") -> 13616.831 | N67: =IF(B67,POWER(L67,2)," ") -> 1297.9256
A68: 5 | B68: 283.4 | C68: 74 | D68: =IF(B68,B68-$C$4," ") -> 13.4 | E68: =IF(B68,INT(D68)," ") -> 13 | F68: =IF(B68,((D68-E68)/60*100)," ") -> 0.66666667 | G68: =IF(B68,C68*COS(PI()/180*(E68+F68))," ") -> 71.904819 | H68: =IF(B68,(C68*SIN(PI()/180*(E68+F68)))," ") -> 17.484193 | K68: =IF(B68,SUM(G68,-$I$12)," ") -> -98.878207 | L68: =IF(B68,SUM(H68,-$J$12)," ") -> 39.017061 | M68: =IF(B68,POWER(K68,2)," ") -> 9776.8998 | N68: =IF(B68,POWER(L68,2)," ") -> 1522.3311
A69: 6 | B69: 285 | C69: 70 | D69: =IF(B69,B69-$C$4," ") -> 15 | E69: =IF(B69,INT(D69)," ") -> 15 | F69: =IF(B69,((D69-E69)/60*100)," ") -> 0 | G69: =IF(B69,C69*COS(PI()/180*(E69+F69))," ") -> 67.614808 | H69: =IF(B69,(C69*SIN(PI()/180*(E69+F69)))," ") -> 18.117333 | K69: =IF(B69,SUM(G69,-$I$12)," ") -> -103.16822 | L69: =IF(B69,SUM(H69,-$J$12)," ") -> 39.650201 | M69: =IF(B69,POWER(K69,2)," ") -> 10643.681 | N69: =IF(B69,POWER(L69,2)," ") -> 1572.1385
A70: 7 | B70: 285.25 | C70: 78 | D70: =IF(B70,B70-$C$4," ") -> 15.25 | E70: =IF(B70,INT(D70)," ") -> 15 | F70: =IF(B70,((D70-E70)/60*100)," ") -> 0.41666667 | G70: =IF(B70,C70*COS(PI()/180*(E70+F70))," ") -> 75.193413 | H70: =IF(B70,(C70*SIN(PI()/180*(E70+F70)))," ") -> 20.735251 | K70: =IF(B70,SUM(G70,-$I$12)," ") -> -95.589613 | L70: =IF(B70,SUM(H70,-$J$12)," ") -> 42.268119 | M70: =IF(B70,POWER(K70,2)," ") -> 9137.3741 | N70: =IF(B70,POWER(L70,2)," ") -> 1786.5939
A71: 8 | B71: 292.4 | C71: 72 | D71: =IF(B71,B71-$C$4," ") -> 22.4 | E71: =IF(B71,INT(D71)," ") -> 22 | F71: =IF(B71,((D71-E71)/60*100)," ") -> 0.66666667 | G71: =IF(B71,C71*COS(PI()/180*(E71+F71))," ") -> 66.438896 | H71: =IF(B71,(C71*SIN(PI()/180*(E71+F71)))," ") -> 27.746587 | K71: =IF(B71,SUM(G71,-$I$12)," ") -> -104.34413 | L71: =IF(B71,SUM(H71,-$J$12)," ") -> 49.279455 | M71: =IF(B71,POWER(K71,2)," ") -> 10887.697 | N71: =IF(B71,POWER(L71,2)," ") -> 2428.4647
A72: 9 | B72: 298.45 | C72: 62 | D72: =IF(B72,B72-$C$4," ") -> 28.45 | E72: =IF(B72,INT(D72)," ") -> 28 | F72: =IF(B72,((D72-E72)/60*100)," ") -> 0.75 | G72: =IF(B72,C72*COS(PI()/180*(E72+F72))," ") -> 54.357059 | H72: =IF(B72,(C72*SIN(PI()/180*(E72+F72)))," ") -> 29.821304 | K72: =IF(B72,SUM(G72,-$I$12)," ") -> -116.42597 | L72: =IF(B72,SUM(H72,-$J$12)," ") -> 51.354172 | M72: =IF(B72,POWER(K72,2)," ") -> 13555.006 | N72: =IF(B72,POWER(L72,2)," ") -> 2637.251
A73: 10 | B73: 297.35 | C73: 66 | D73: =IF(B73,B73-$C$4," ") -> 27.35 | E73: =IF(B73,INT(D73)," ") -> 27 | F73: =IF(B73,((D73-E73)/60*100)," ") -> 0.58333333 | G73: =IF(B73,C73*COS(PI()/180*(E73+F73))," ") -> 58.498328 | H73: =IF(B73,(C73*SIN(PI()/180*(E73+F73)))," ") -> 30.560523 | K73: =IF(B73,SUM(G73,-$I$12)," ") -> -112.2847 | L73: =IF(B73,SUM(H73,-$J$12)," ") -> 52.093391 | M73: =IF(B73,POWER(K73,2)," ") -> 12607.853 | N73: =IF(B73,POWER(L73,2)," ") -> 2713.7214
A74: 11 | B74: 298.2 | C74: 68 | D74: =IF(B74,B74-$C$4," ") -> 28.2 | E74: =IF(B74,INT(D74)," ") -> 28 | F74: =IF(B74,((D74-E74)/60*100)," ") -> 0.33333333 | G74: =IF(B74,C74*COS(PI()/180*(E74+F74))," ") -> 59.853695 | H74: =IF(B74,(C74*SIN(PI()/180*(E74+F74)))," ") -> 32.272825 | K74: =IF(B74,SUM(G74,-$I$12)," ") -> -110.92933 | L74: =IF(B74,SUM(H74,-$J$12)," ") -> 53.805693 | M74: =IF(B74,POWER(K74,2)," ") -> 12305.317 | N74: =IF(B74,POWER(L74,2)," ") -> 2895.0526
A75: 12 | B75: 306.3 | C75: 94 | D75: =IF(B75,B75-$C$4," ") -> 36.3 | E75: =IF(B75,INT(D75)," ") -> 36 | F75: =IF(B75,((D75-E75)/60*100)," ") -> 0.5 | G75: =IF(B75,C75*COS(PI()/180*(E75+F75))," ") -> 75.562545 | H75: =IF(B75,(C75*SIN(PI()/180*(E75+F75)))," ") -> 55.913342 | K75: =IF(B75,SUM(G75,-$I$12)," ") -> -95.220481 | L75: =IF(B75,SUM(H75,-$J$12)," ") -> 77.44621 | M75: =IF(B75,POWER(K75,2)," ") -> 9066.94 | N75: =IF(B75,POWER(L75,2)," ") -> 5997.9154
A76: 13 | B76: 308.5 | C76: 92 | D76: =IF(B76,B76-$C$4," ") -> 38.5 | E76: =IF(B76,INT(D76)," ") -> 38 | F76: =IF(B76,((D76-E76)/60*100)," ") -> 0.83333333 | G76: =IF(B76,C76*COS(PI()/180*(E76+F76))," ") -> 71.665543 | H76: =IF(B76,(C76*SIN(PI()/180*(E76+F76)))," ") -> 57.689254 | K76: =IF(B76,SUM(G76,-$I$12)," ") -> -99.117483 | L76: =IF(B76,SUM(H76,-$J$12)," ") -> 79.222122 | M76: =IF(B76,POWER(K76,2)," ") -> 9824.2755 | N76: =IF(B76,POWER(L76,2)," ") -> 6276.1446
... A83: 20 | B83: 326.2 | C83: 60 | D83: =IF(B83,B83-$C$4," ") -> 56.2 | E83: =IF(B83,INT(D83)," ") -> 56 | F83: =IF(B83,((D83-E83)/60*100)," ") -> 0.33333333 | G83: =IF(B83,C83*COS(PI()/180*(E83+F83))," ") -> 33.261619 | H83: =IF(B83,(C83*SIN(PI()/180*(E83+F83)))," ") -> 49.936607 | K83: =IF(B83,SUM(G83,-$I$12)," ") -> -137.52141 | L83: =IF(B83,SUM(H83,-$J$12)," ") -> 71.469475 | M83: =IF(B83,POWER(K83,2)," ") -> 18912.137 | N83: =IF(B83,POWER(L83,2)," ") -> 5107.8858
A84: 21 | D84: =IF(B84,B84-$C$4," ") | E84: =IF(B84,INT(D84)," ") | F84: =IF(B84,((D84-E84)/60*100)," ") | G84: =IF(B84,C84*COS(PI()/180*(E84+F84))," ") | H84: =IF(B84,(C84*SIN(PI()/180*(E84+F84)))," ") | K84: =IF(B84,SUM(G84,-$I$12)," ") | L84: =IF(B84,SUM(H84,-$J$12)," ") | M84: =IF(B84,POWER(K84,2)," ") | N84: =IF(B84,POWER(L84,2)," ")
A85: 22 | D85: =IF(B85,B85-$C$4," ") | E85: =IF(B85,INT(D85)," ") | F85: =IF(B85,((D85-E85)/60*100)," ") | G85: =IF(B85,C85*COS(PI()/180*(E85+F85))," ") | H85: =IF(B85,(C85*SIN(PI()/180*(E85+F85)))," ") | K85: =IF(B85,SUM(G85,-$I$12)," ") | L85: =IF(B85,SUM(H85,-$J$12)," ") | M85: =IF(B85,POWER(K85,2)," ") | N85: =IF(B85,POWER(L85,2)," ")
A86: 23 | D86: =IF(B86,B86-$C$4," ") | E86: =IF(B86,INT(D86)," ") | F86: =IF(B86,((D86-E86)/60*100)," ") | G86: =IF(B86,C86*COS(PI()/180*(E86+F86))," ") | H86: =IF(B86,(C86*SIN(PI()/180*(E86+F86)))," ") | K86: =IF(B86,SUM(G86,-$I$12)," ") | L86: =IF(B86,SUM(H86,-$J$12)," ") | M86: =IF(B86,POWER(K86,2)," ") | N86: =IF(B86,POWER(L86,2)," ")
A87: 24 | D87: =IF(B87,B87-$C$4," ") | E87: =IF(B87,INT(D87)," ") | F87: =IF(B87,((D87-E87)/60*100)," ") | G87: =IF(B87,C87*COS(PI()/180*(E87+F87))," ") | H87: =IF(B87,(C87*SIN(PI()/180*(E87+F87)))," ") | K87: =IF(B87,SUM(G87,-$I$12)," ") | L87: =IF(B87,SUM(H87,-$J$12)," ") | M87: =IF(B87,POWER(K87,2)," ") | N87: =IF(B87,POWER(L87,2)," ")
A88: КОБЭ от НАР 4
A89: номер п/п | B89: азимут | C89: дальность | D89: Азимут за вычетом боевого курса | E89: градусы | F89: минуты (в сотых градуса) | G89: х | H89: z | I89: Мх | J89: Мz | K89: Хт-Мх | L89: Zт-Мz | M89: (Хт-Мх)*2 | N89: (Zт-Мz)*2 | O89: N-1 | P89: Σ(Хт-Мх)*2 | Q89: Σ(Zт-Мz)*2 | R89: (Σ(Хт-Мх)*2)/(N-1) | S89: (Σ(Zт-Мz)*2)/(N-1) | T89: Сигма X | U89: Сигма Z | V89: σX*σZ | W89: СКО КОБЭ
A90: 1 | B90: 319.55 | C90: 90 | D90: =IF(B90,B90-$C$4," ") -> 49.55 | E90: =IF(B90,INT(D90)," ") -> 49 | F90: =IF(B90,((D90-E90)/60*100)," ") -> 0.91666667 | G90: =IF(B90,C90*COS(PI()/180*(E90+F90))," ") -> 57.951099 | H90: =IF(B90,(C90*SIN(PI()/180*(E90+F90)))," ") -> 68.859786 | I90: =SUM(G90:G105)/G6 -> 56.452577 | J90: =SUM(H90:H105)/G6 -> 91.476286 | K90: =IF(B90,SUM(G90,-$I$12)," ") -> -112.83193 | L90: =IF(B90,SUM(H90,-$J$12)," ") -> 90.392654 | M90: =IF(B90,POWER(K90,2)," ") -> 12731.044 | N90: =IF(B90,POWER(L90,2)," ") -> 8170.832 | O90: =G6-1 -> 15 | P90: =SUM(M90:M113) -> 217641.93 | Q90: =SUM(N90:N113) -> 206393.53 | R90: =PRODUCT(P90,1/$O$38) -> 9462.6924 | S90: =PRODUCT(Q90,1/$O$38) -> 8973.6319 | T90: =SQRT(R90) -> 97.276371 | U90: =SQRT(S90) -> 94.729256 | V90: =PRODUCT(T90:U90) -> 9214.9182 | W90: =SQRT(V90) -> 95.994366
A91: 2 | B91: 317.2 | C91: 108 | D91: =IF(B91,B91-$C$4," ") -> 47.2 | E91: =IF(B91,INT(D91)," ") -> 47 | F91: =IF(B91,((D91-E91)/60*100)," ") -> 0.33333333 | G91: =IF(B91,C91*COS(PI()/180*(E91+F91))," ") -> 73.195056 | H91: =IF(B91,(C91*SIN(PI()/180*(E91+F91)))," ") -> 79.413373 | K91: =IF(B91,SUM(G91,-$I$12)," ") -> -97.58797 | L91: =IF(B91,SUM(H91,-$J$12)," ") -> 100.94624 | M91: =IF(B91,POWER(K91,2)," ") -> 9523.4119 | N91: =IF(B91,POWER(L91,2)," ") -> 10190.144
A92: 3 | B92: 346.45 | C92: 82 | D92: =IF(B92,B92-$C$4," ") -> 76.45 | E92: =IF(B92,INT(D92)," ") -> 76 | F92: =IF(B92,((D92-E92)/60*100)," ") -> 0.75 | G92: =IF(B92,C92*COS(PI()/180*(E92+F92))," ") -> 18.794432 | H92: =IF(B92,(C92*SIN(PI()/180*(E92+F92)))," ") -> 79.817099 | K92: =IF(B92,SUM(G92,-$I$12)," ") -> -151.98859 | L92: =IF(B92,SUM(H92,-$J$12)," ") -> 101.34997 | M92: =IF(B92,POWER(K92,2)," ") -> 23100.533 | N92: =IF(B92,POWER(L92,2)," ") -> 10271.816
A93: 4 | B93: 339 | C93: 86 | D93: =IF(B93,B93-$C$4," ") -> 69 | E93: =IF(B93,INT(D93)," ") -> 69 | F93: =IF(B93,((D93-E93)/60*100)," ") -> 0 | G93: =IF(B93,C93*COS(PI()/180*(E93+F93))," ") -> 30.819644 | H93: =IF(B93,(C93*SIN(PI()/180*(E93+F93)))," ") -> 80.287917 | K93: =IF(B93,SUM(G93,-$I$12)," ") -> -139.96338 | L93: =IF(B93,SUM(H93,-$J$12)," ") -> 101.82078 | M93: =IF(B93,POWER(K93,2)," ") -> 19589.748 | N93: =IF(B93,POWER(L93,2)," ") -> 10367.472
A94: 5 | B94: 349.3 | C94: 86 | D94: =IF(B94,B94-$C$4," ") -> 79.3 | E94: =IF(B94,INT(D94)," ") -> 79 | F94: =IF(B94,((D94-E94)/60*100)," ") -> 0.5 | G94: =IF(B94,C94*COS(PI()/180*(E94+F94))," ") -> 15.672255 | H94: =IF(B94,(C94*SIN(PI()/180*(E94+F94)))," ") -> 84.559922 | K94: =IF(B94,SUM(G94,-$I$12)," ") -> -155.11077 | L94: =IF(B94,SUM(H94,-$J$12)," ") -> 106.09279 | M94: =IF(B94,POWER(K94,2)," ") -> 24059.351 | N94: =IF(B94,POWER(L94,2)," ") -> 11255.68
A95: 6 | B95: 336 | C95: 94 | D95: =IF(B95,B95-$C$4," ") -> 66 | E95: =IF(B95,INT(D95)," ") -> 66 | F95: =IF(B95,((D95-E95)/60*100)," ") -> 0 | G95: =IF(B95,C95*COS(PI()/180*(E95+F95))," ") -> 38.233244 | H95: =IF(B95,(C95*SIN(PI()/180*(E95+F95)))," ") -> 85.873273 | K95: =IF(B95,SUM(G95,-$I$12)," ") -> -132.54978 | L95: =IF(B95,SUM(H95,-$J$12)," ") -> 107.40614 | M95: =IF(B95,POWER(K95,2)," ") -> 17569.445 | N95: =IF(B95,POWER(L95,2)," ") -> 11536.079
A96: 7 | B96: 331.4 | C96: 98 | D96: =IF(B96,B96-$C$4," ") -> 61.4 | E96: =IF(B96,INT(D96)," ") -> 61 | F96: =IF(B96,((D96-E96)/60*100)," ") -> 0.66666667 | G96: =IF(B96,C96*COS(PI()/180*(E96+F96))," ") -> 46.510836 | H96: =IF(B96,(C96*SIN(PI()/180*(E96+F96)))," ") -> 86.259736 | K96: =IF(B96,SUM(G96,-$I$12)," ") -> -124.27219 | L96: =IF(B96,SUM(H96,-$J$12)," ") -> 107.7926 | M96: =IF(B96,POWER(K96,2)," ") -> 15443.577 | N96: =IF(B96,POWER(L96,2)," ") -> 11619.246
A97: 8 | B97: 317.05 | C97: 124 | D97: =IF(B97,B97-$C$4," ") -> 47.05 | E97: =IF(B97,INT(D97)," ") -> 47 | F97: =IF(B97,((D97-E97)/60*100)," ") -> 0.083333333 | G97: =IF(B97,C97*COS(PI()/180*(E97+F97))," ") -> 84.435807 | H97: =IF(B97,(C97*SIN(PI()/180*(E97+F97)))," ") -> 90.810762 | K97: =IF(B97,SUM(G97,-$I$12)," ") -> -86.347219 | L97: =IF(B97,SUM(H97,-$J$12)," ") -> 112.34363 | M97: =IF(B97,POWER(K97,2)," ") -> 7455.8422 | N97: =IF(B97,POWER(L97,2)," ") -> 12621.091
A98: 9 | B98: 321.3 | C98: 120 | D98: =IF(B98,B98-$C$4," ") -> 51.3 | E98: =IF(B98,INT(D98)," ") -> 51 | F98: =IF(B98,((D98-E98)/60*100)," ") -> 0.5 | G98: =IF(B98,C98*COS(PI()/180*(E98+F98))," ") -> 74.701756 | H98: =IF(B98,(C98*SIN(PI()/180*(E98+F98)))," ") -> 93.912979 | K98: =IF(B98,SUM(G98,-$I$12)," ") -> -96.081269 | L98: =IF(B98,SUM(H98,-$J$12)," ") -> 115.44585 | M98: =IF(B98,POWER(K98,2)," ") -> 9231.6103 | N98: =IF(B98,POWER(L98,2)," ") -> 13327.744
A99: 10 | B99: 335.3 | C99: 104 | D99: =IF(B99,B99-$C$4," ") -> 65.3 | E99: =IF(B99,INT(D99)," ") -> 65 | F99: =IF(B99,((D99-E99)/60*100)," ") -> 0.5 | G99: =IF(B99,C99*COS(PI()/180*(E99+F99))," ") -> 43.128097 | H99: =IF(B99,(C99*SIN(PI()/180*(E99+F99)))," ") -> 94.635972 | K99: =IF(B99,SUM(G99,-$I$12)," ") -> -127.65493 | L99: =IF(B99,SUM(H99,-$J$12)," ") -> 116.16884 | M99: =IF(B99,POWER(K99,2)," ") -> 16295.781 | N99: =IF(B99,POWER(L99,2)," ") -> 13495.199
A100: 11 | B100: 327.5 | C100: 112 | D100: =IF(B100,B100-$C$4," ") -> 57.5 | E100: =IF(B100,INT(D100)," ") -> 57 | F100: =IF(B100,((D100-E100)/60*100)," ") -> 0.83333333 | G100: =IF(B100,C100*COS(PI()/180*(E100+F100))," ") -> 59.626996 | H100: =IF(B100,(C100*SIN(PI()/180*(E100+F100)))," ") -> 94.80834 | K100: =IF(B100,SUM(G100,-$I$12)," ") -> -111.15603 | L100: =IF(B100,SUM(H100,-$J$12)," ") -> 116.34121 | M100: =IF(B100,POWER(K100,2)," ") -> 12355.663 | N100: =IF(B100,POWER(L100,2)," ") -> 13535.277
A101: 12 | B101: 316.25 | C101: 138 | D101: =IF(B101,B101-$C$4," ") -> 46.25 | E101: =IF(B101,INT(D101)," ") -> 46 | F101: =IF(B101,((D101-E101)/60*100)," ") -> 0.41666667 | G101: =IF(B101,C101*COS(PI()/180*(E101+F101))," ") -> 95.138423 | H101: =IF(B101,(C101*SIN(PI()/180*(E101+F101)))," ") -> 99.963396 | K101: =IF(B101,SUM(G101,-$I$12)," ") -> -75.644603 | L101: =IF(B101,SUM(H101,-$J$12)," ") -> 121.49626 | M101: =IF(B101,POWER(K101,2)," ") -> 5722.106 | N101: =IF(B101,POWER(L101,2)," ") -> 14761.342
A102: 13 | B102: 334.2 | C102: 112 | D102: =IF(B102,B102-$C$4," ") -> 64.2 | E102: =IF(B102,INT(D102)," ") -> 64 | F102: =IF(B102,((D102-E102)/60*100)," ") -> 0.33333333 | G102: =IF(B102,C102*COS(PI()/180*(E102+F102))," ") -> 48.511096 | H102: =IF(B102,(C102*SIN(PI()/180*(E102+F102)))," ") -> 100.94887 | K102: =IF(B102,SUM(G102,-$I$12)," ") -> -122.27193 | L102: =IF(B102,SUM(H102,-$J$12)," ") -> 122.48173 | M102: =IF(B102,POWER(K102,2)," ") -> 14950.425 | N102: =IF(B102,POWER(L102,2)," ") -> 15001.775
... A105: 16 | B105: 322.1 | C105: 142 | D105: =IF(B105,B105-$C$4," ") -> 52.1 | E105: =IF(B105,INT(D105)," ") -> 52 | F105: =IF(B105,((D105-E105)/60*100)," ") -> 0.16666667 | G105: =IF(B105,C105*COS(PI()/180*(E105+F105))," ") -> 87.098063 | H105: =IF(B105,(C105*SIN(PI()/180*(E105+F105)))," ") -> 112.15136 | K105: =IF(B105,SUM(G105,-$I$12)," ") -> -83.684962 | L105: =IF(B105,SUM(H105,-$J$12)," ") -> 133.68423 | M105: =IF(B105,POWER(K105,2)," ") -> 7003.1729 | N105: =IF(B105,POWER(L105,2)," ") -> 17871.473
A106: 17 | D106: =IF(B106,B106-$C$4," ") | E106: =IF(B106,INT(D106)," ") | F106: =IF(B106,((D106-E106)/60*100)," ") | G106: =IF(B106,C106*COS(PI()/180*(E106+F106))," ") | H106: =IF(B106,(C106*SIN(PI()/180*(E106+F106)))," ") | K106: =IF(B106,SUM(G106,-$I$12)," ") | L106: =IF(B106,SUM(H106,-$J$12)," ") | M106: =IF(B106,POWER(K106,2)," ") | N106: =IF(B106,POWER(L106,2)," ")
A107: 18 | D107: =IF(B107,B107-$C$4," ") | E107: =IF(B107,INT(D107)," ") | F107: =IF(B107,((D107-E107)/60*100)," ") | G107: =IF(B107,C107*COS(PI()/180*(E107+F107))," ") | H107: =IF(B107,(C107*SIN(PI()/180*(E107+F107)))," ") | K107: =IF(B107,SUM(G107,-$I$12)," ") | L107: =IF(B107,SUM(H107,-$J$12)," ") | M107: =IF(B107,POWER(K107,2)," ") | N107: =IF(B107,POWER(L107,2)," ")
A108: 19 | D108: =IF(B108,B108-$C$4," ") | E108: =IF(B108,INT(D108)," ") | F108: =IF(B108,((D108-E108)/60*100)," ") | G108: =IF(B108,C108*COS(PI()/180*(E108+F108))," ") | H108: =IF(B108,(C108*SIN(PI()/180*(E108+F108)))," ") | K108: =IF(B108,SUM(G108,-$I$12)," ") | L108: =IF(B108,SUM(H108,-$J$12)," ") | M108: =IF(B108,POWER(K108,2)," ") | N108: =IF(B108,POWER(L108,2)," ")
A109: 20 | D109: =IF(B109,B109-$C$4," ") | E109: =IF(B109,INT(D109)," ") | F109: =IF(B109,((D109-E109)/60*100)," ") | G109: =IF(B109,C109*COS(PI()/180*(E109+F109))," ") | H109: =IF(B109,(C109*SIN(PI()/180*(E109+F109)))," ") | K109: =IF(B109,SUM(G109,-$I$12)," ") | L109: =IF(B109,SUM(H109,-$J$12)," ") | M109: =IF(B109,POWER(K109,2)," ") | N109: =IF(B109,POWER(L109,2)," ")
A110: 21 | D110: =IF(B110,B110-$C$4," ") | E110: =IF(B110,INT(D110)," ") | F110: =IF(B110,((D110-E110)/60*100)," ") | G110: =IF(B110,C110*COS(PI()/180*(E110+F110))," ") | H110: =IF(B110,(C110*SIN(PI()/180*(E110+F110)))," ") | K110: =IF(B110,SUM(G110,-$I$12)," ") | L110: =IF(B110,SUM(H110,-$J$12)," ") | M110: =IF(B110,POWER(K110,2)," ") | N110: =IF(B110,POWER(L110,2)," ")
A111: 22 | D111: =IF(B111,B111-$C$4," ") | E111: =IF(B111,INT(D111)," ") | F111: =IF(B111,((D111-E111)/60*100)," ") | G111: =IF(B111,C111*COS(PI()/180*(E111+F111))," ") | H111: =IF(B111,(C111*SIN(PI()/180*(E111+F111)))," ") | K111: =IF(B111,SUM(G111,-$I$12)," ") | L111: =IF(B111,SUM(H111,-$J$12)," ") | M111: =IF(B111,POWER(K111,2)," ") | N111: =IF(B111,POWER(L111,2)," ")
A112: 23 | D112: =IF(B112,B112-$C$4," ") | E112: =IF(B112,INT(D112)," ") | F112: =IF(B112,((D112-E112)/60*100)," ") | G112: =IF(B112,C112*COS(PI()/180*(E112+F112))," ") | H112: =IF(B112,(C112*SIN(PI()/180*(E112+F112)))," ") | K112: =IF(B112,SUM(G112,-$I$12)," ") | L112: =IF(B112,SUM(H112,-$J$12)," ") | M112: =IF(B112,POWER(K112,2)," ") | N112: =IF(B112,POWER(L112,2)," ")
A113: 24 | D113: =IF(B113,B113-$C$4," ") | E113: =IF(B113,INT(D113)," ") | F113: =IF(B113,((D113-E113)/60*100)," ") | G113: =IF(B113,C113*COS(PI()/180*(E113+F113))," ") | H113: =IF(B113,(C113*SIN(PI()/180*(E113+F113)))," ") | K113: =IF(B113,SUM(G113,-$I$12)," ") | L113: =IF(B113,SUM(H113,-$J$12)," ") | M113: =IF(B113,POWER(K113,2)," ") | N113: =IF(B113,POWER(L113,2)," ")

Sheet 242-1
B1: 242-1
B2: Канал | C2: курс | D2: Vпр | E2: Нпус | F2: Дпус | I2: Центр рассеивания НАР
B3: ЦУ | D3: км/ч | E3: м | F3: м
B4: НВГЦ/ЛЦУ | C4: 270 | I4: =IF(E6,((I12+I38)/2),I12) -> -6.3901188 | J4: =IF(E6,((J12+J38)/2),J12) -> 101.17652
B5: Число КОБЭ | C5: Всего | D5: НАР 1 | E5: НАР 2 | I5: x | J5: z
C6: 48 | D6: 21 | E6: 0
A10: КОБЭ от НАР 1
A11: номер п/п | B11: азимут | C11: дальность | D11: Азимут за вычетом боевого курса | E11: градусы | F11: минуты (в сотых градуса) | G11: х | H11: z | I11: Мх | J11: Мz | K11: Хт-Мх | L11: Zт-Мz | M11: (Хт-Мх)*2 | N11: (Zт-Мz)*2 | O11: N-1 | P11: Σ(Хт-Мх)*2 | Q11: Σ(Zт-Мz)*2 | R11: (Σ(Хт-Мх)*2)/(N-1) | S11: (Σ(Zт-Мz)*2)/(N-1) | T11: Сигма X | U11: Сигма Z | V11: σX*σZ | W11: СКО КОБЭ
A12: 1 | B12: 349.3 | C12: 88 | D12: =IF(B12,B12-$C$4," ") -> 79.3 | E12: =IF(B12,INT(D12)," ") -> 79 | F12: =IF(B12,((D12-E12)/60*100)," ") -> 0.5 | G12: =IF(B12,C12*COS(PI()/180*(E12+F12))," ") -> 16.036726 | H12: =IF(B12,(C12*SIN(PI()/180*(E12+F12)))," ") -> 86.526432 | I12: =SUM(G12:G32)/D6 -> -6.3901188 | J12: =SUM(H12:H32)/D6 -> 101.17652 | K12: =IF(B12,SUM(G12,-$I$12)," ") -> 22.426845 | L12: =IF(B12,SUM(H12,-$J$12)," ") -> -14.650087 | M12: =IF(B12,POWER(K12,2)," ") -> 502.96338 | N12: =IF(B12,POWER(L12,2)," ") -> 214.62506 | O12: =D6-1 -> 20 | P12: =SUM(M12:M35) -> 23135.326 | Q12: =SUM(N12:N35) -> 1960.7183 | R12: =PRODUCT(P12,1/$O$12) -> 1156.7663 | S12: =PRODUCT(Q12,1/$O$12) -> 98.035915 | T12: =SQRT(R12) -> 34.011268 | U12: =SQRT(S12) -> 9.9013087 | V12: =PRODUCT(T12:U12) -> 336.75606 | W12: =SQRT(V12) -> 18.350914
A13: 2 | B13: 340.25 | C13: 102 | D13: =IF(B13,B13-$C$4," ") -> 70.25 | E13: =IF(B13,INT(D13)," ") -> 70 | F13: =IF(B13,((D13-E13)/60*100)," ") -> 0.41666667 | G13: =IF(B13,C13*COS(PI()/180*(E13+F13))," ") -> 34.188107 | H13: =IF(B13,(C13*SIN(PI()/180*(E13+F13)))," ") -> 96.099809 | K13: =IF(B13,SUM(G13,-$I$12)," ") -> 40.578226 | L13: =IF(B13,SUM(H13,-$J$12)," ") -> -5.0767102 | M13: =IF(B13,POWER(K13,2)," ") -> 1646.5924 | N13: =IF(B13,POWER(L13,2)," ") -> 25.772986
A14: 3 | B14: 336.2 | C14: 114 | D14: =IF(B14,B14-$C$4," ") -> 66.2 | E14: =IF(B14,INT(D14)," ") -> 66 | F14: =IF(B14,((D14-E14)/60*100)," ") -> 0.33333333 | G14: =IF(B14,C14*COS(PI()/180*(E14+F14))," ") -> 45.76131 | H14: =IF(B14,(C14*SIN(PI()/180*(E14+F14)))," ") -> 104.41218 | K14: =IF(B14,SUM(G14,-$I$12)," ") -> 52.151429 | L14: =IF(B14,SUM(H14,-$J$12)," ") -> 3.2356568 | M14: =IF(B14,POWER(K14,2)," ") -> 2719.7715 | N14: =IF(B14,POWER(L14,2)," ") -> 10.469475
A15: 4 | B15: 344.2 | C15: 116 | D15: =IF(B15,B15-$C$4," ") -> 74.2 | E15: =IF(B15,INT(D15)," ") -> 74 | F15: =IF(B15,((D15-E15)/60*100)," ") -> 0.33333333 | G15: =IF(B15,C15*COS(PI()/180*(E15+F15))," ") -> 31.324678 | H15: =IF(B15,(C15*SIN(PI()/180*(E15+F15)))," ") -> 111.69049 | K15: =IF(B15,SUM(G15,-$I$12)," ") -> 37.714797 | L15: =IF(B15,SUM(H15,-$J$12)," ") -> 10.513966 | M15: =IF(B15,POWER(K15,2)," ") -> 1422.4059 | N15: =IF(B15,POWER(L15,2)," ") -> 110.54348
A16: 5 | B16: 348.05 | C16: 114 | D16: =IF(B16,B16-$C$4," ") -> 78.05 | E16: =IF(B16,INT(D16)," ") -> 78 | F16: =IF(B16,((D16-E16)/60*100)," ") -> 0.083333333 | G16: =IF(B16,C16*COS(PI()/180*(E16+F16))," ") -> 23.539725 | H16: =IF(B16,(C16*SIN(PI()/180*(E16+F16)))," ") -> 111.54318 | K16: =IF(B16,SUM(G16,-$I$12)," ") -> 29.929844 | L16: =IF(B16,SUM(H16,-$J$12)," ") -> 10.366662 | M16: =IF(B16,POWER(K16,2)," ") -> 895.79553 | N16: =IF(B16,POWER(L16,2)," ") -> 107.46769
A17: 6 | B17: 357.35 | C17: 106 | D17: =IF(B17,B17-$C$4," ") -> 87.35 | E17: =IF(B17,INT(D17)," ") -> 87 | F17: =IF(B17,((D17-E17)/60*100)," ") -> 0.58333333 | G17: =IF(B17,C17*COS(PI()/180*(E17+F17))," ") -> 4.4696262 | H17: =IF(B17,(C17*SIN(PI()/180*(E17+F17)))," ") -> 105.90572 | K17: =IF(B17,SUM(G17,-$I$12)," ") -> 10.859745 | L17: =IF(B17,SUM(H17,-$J$12)," ") -> 4.729205 | M17: =IF(B17,POWER(K17,2)," ") -> 117.93406 | N17: =IF(B17,POWER(L17,2)," ") -> 22.36538
A18: 7 | B18: 358.15 | C18: 98 | D18: =IF(B18,B18-$C$4," ") -> 88.15 | E18: =IF(B18,INT(D18)," ") -> 88 | F18: =IF(B18,((D18-E18)/60*100)," ") -> 0.25 | G18: =IF(B18,C18*COS(PI()/180*(E18+F18))," ") -> 2.9927743 | H18: =IF(B18,(C18*SIN(PI()/180*(E18+F18)))," ") -> 97.954292 | K18: =IF(B18,SUM(G18,-$I$12)," ") -> 9.3828931 | L18: =IF(B18,SUM(H18,-$J$12)," ") -> -3.2222274 | M18: =IF(B18,POWER(K18,2)," ") -> 88.038683 | N18: =IF(B18,POWER(L18,2)," ") -> 10.38275
A19: 8 | B19: 4 | C19: 98 | D19: =IF(B19,B19-$C$4," ") -> -266 | E19: =IF(B19,INT(D19)," ") -> -266 | F19: =IF(B19,((D19-E19)/60*100)," ") -> 0 | G19: =IF(B19,C19*COS(PI()/180*(E19+F19))," ") -> -6.8361344 | H19: =IF(B19,(C19*SIN(PI()/180*(E19+F19)))," ") -> 97.761277 | K19: =IF(B19,SUM(G19,-$I$12)," ") -> -0.44601564 | L19: =IF(B19,SUM(H19,-$J$12)," ") -> -3.4152424 | M19: =IF(B19,POWER(K19,2)," ") -> 0.19892995 | N19: =IF(B19,POWER(L19,2)," ") -> 11.663881
A20: 9 | B20: 6.5 | C20: 118 | D20: =IF(B20,B20-$C$4," ") -> -263.5 | E20: =IF(B20,INT(D20)," ") -> -264 | F20: =IF(B20,((D20-E20)/60*100)," ") -> 0.83333333 | G20: =IF(B20,C20*COS(PI()/180*(E20+F20))," ") -> -14.039833 | H20: =IF(B20,(C20*SIN(PI()/180*(E20+F20)))," ") -> 117.16178 | K20: =IF(B20,SUM(G20,-$I$12)," ") -> -7.6497138 | L20: =IF(B20,SUM(H20,-$J$12)," ") -> 15.985262 | M20: =IF(B20,POWER(K20,2)," ") -> 58.518121 | N20: =IF(B20,POWER(L20,2)," ") -> 255.52861
A21: 10 | B21: 10.3 | C21: 114 | D21: =IF(B21,B21-$C$4," ") -> -259.7 | E21: =IF(B21,INT(D21)," ") -> -260 | F21: =IF(B21,((D21-E21)/60*100)," ") -> 0.5 | G21: =IF(B21,C21*COS(PI()/180*(E21+F21))," ") -> -20.77485 | H21: =IF(B21,(C21*SIN(PI()/180*(E21+F21)))," ") -> 112.09106 | K21: =IF(B21,SUM(G21,-$I$12)," ") -> -14.384731 | L21: =IF(B21,SUM(H21,-$J$12)," ") -> 10.91454 | M21: =IF(B21,POWER(K21,2)," ") -> 206.92049 | N21: =IF(B21,POWER(L21,2)," ") -> 119.12719
A22: 11 | B22: 23.4 | C22: 120 | D22: =IF(B22,B22-$C$4," ") -> -246.6 | E22: =IF(B22,INT(D22)," ") -> -247 | F22: =IF(B22,((D22-E22)/60*100)," ") -> 0.66666667 | G22: =IF(B22,C22*COS(PI()/180*(E22+F22))," ") -> -48.1698 | H22: =IF(B22,(C22*SIN(PI()/180*(E22+F22)))," ") -> 109.90755 | K22: =IF(B22,SUM(G22,-$I$12)," ") -> -41.779681 | L22: =IF(B22,SUM(H22,-$J$12)," ") -> 8.7310345 | M22: =IF(B22,POWER(K22,2)," ") -> 1745.5417 | N22: =IF(B22,POWER(L22,2)," ") -> 76.230964
A23: 12 | B23: 38.55 | C23: 138 | D23: =IF(B23,B23-$C$4," ") -> -231.45 | E23: =IF(B23,INT(D23)," ") -> -232 | F23: =IF(B23,((D23-E23)/60*100)," ") -> 0.91666667 | G23: =IF(B23,C23*COS(PI()/180*(E23+F23))," ") -> -86.690139 | H23: =IF(B23,(C23*SIN(PI()/180*(E23+F23)))," ") -> 107.37234 | K23: =IF(B23,SUM(G23,-$I$12)," ") -> -80.30002 | L23: =IF(B23,SUM(H23,-$J$12)," ") -> 6.1958226 | M23: =IF(B23,POWER(K23,2)," ") -> 6448.0932 | N23: =IF(B23,POWER(L23,2)," ") -> 38.388217
A24: 13 | B24: 37.25 | C24: 118 | D24: =IF(B24,B24-$C$4," ") -> -232.75 | E24: =IF(B24,INT(D24)," ") -> -233 | F24: =IF(B24,((D24-E24)/60*100)," ") -> 0.41666667 | G24: =IF(B24,C24*COS(PI()/180*(E24+F24))," ") -> -71.697614 | H24: =IF(B24,(C24*SIN(PI()/180*(E24+F24)))," ") -> 93.720073 | K24: =IF(B24,SUM(G24,-$I$12)," ") -> -65.307495 | L24: =IF(B24,SUM(H24,-$J$12)," ") -> -7.4564461 | M24: =IF(B24,POWER(K24,2)," ") -> 4265.069 | N24: =IF(B24,POWER(L24,2)," ") -> 55.598589
... A32: 21 | B32: 349.3 | C32: 90 | D32: =IF(B32,B32-$C$4," ") -> 79.3 | E32: =IF(B32,INT(D32)," ") -> 79 | F32: =IF(B32,((D32-E32)/60*100)," ") -> 0.5 | G32: =IF(B32,C32*COS(PI()/180*(E32+F32))," ") -> 16.401197 | H32: =IF(B32,(C32*SIN(PI()/180*(E32+F32)))," ") -> 88.492942 | K32: =IF(B32,SUM(G32,-$I$12)," ") -> 22.791316 | L32: =IF(B32,SUM(H32,-$J$12)," ") -> -12.683578 | M32: =IF(B32,POWER(K32,2)," ") -> 519.44409 | N32: =IF(B32,POWER(L32,2)," ") -> 160.87314
A33: 22 | D33: =IF(B33,B33-$C$4," ") | E33: =IF(B33,INT(D33)," ") | F33: =IF(B33,((D33-E33)/60*100)," ") | G33: =IF(B33,C33*COS(PI()/180*(E33+F33))," ") | H33: =IF(B33,(C33*SIN(PI()/180*(E33+F33)))," ") | K33: =IF(B33,SUM(G33,-$I$12)," ") | L33: =IF(B33,SUM(H33,-$J$12)," ") | M33: =IF(B33,POWER(K33,2)," ") | N33: =IF(B33,POWER(L33,2)," ")
A34: 23 | D34: =IF(B34,B34-$C$4," ") | E34: =IF(B34,INT(D34)," ") | F34: =IF(B34,((D34-E34)/60*100)," ") | G34: =IF(B34,C34*COS(PI()/180*(E34+F34))," ") | H34: =IF(B34,(C34*SIN(PI()/180*(E34+F34)))," ") | K34: =IF(B34,SUM(G34,-$I$12)," ") | L34: =IF(B34,SUM(H34,-$J$12)," ") | M34: =IF(B34,POWER(K34,2)," ") | N34: =IF(B34,POWER(L34,2)," ")
A35: 24 | D35: =IF(B35,B35-$C$4," ") | E35: =IF(B35,INT(D35)," ") | F35: =IF(B35,((D35-E35)/60*100)," ") | G35: =IF(B35,C35*COS(PI()/180*(E35+F35))," ") | H35: =IF(B35,(C35*SIN(PI()/180*(E35+F35)))," ") | K35: =IF(B35,SUM(G35,-$I$12)," ") | L35: =IF(B35,SUM(H35,-$J$12)," ") | M35: =IF(B35,POWER(K35,2)," ") | N35: =IF(B35,POWER(L35,2)," ")
A36: КОБЭ от НАР 2
A37: номер п/п | B37: азимут | C37: дальность | D37: Азимут за вычетом боевого курса | E37: градусы | F37: минуты (в сотых градуса) | G37: х | H37: z | I37: Мх | J37: Мz | K37: Хт-Мх | L37: Zт-Мz | M37: (Хт-Мх)*2 | N37: (Zт-Мz)*2 | O37: N-1 | P37: Σ(Хт-Мх)*2 | Q37: Σ(Zт-Мz)*2 | R37: (Σ(Хт-Мх)*2)/(N-1) | S37: (Σ(Zт-Мz)*2)/(N-1) | T37: Сигма X | U37: Сигма Z | V37: σX*σZ | W37: СКО КОБЭ
A38: 1 | D38: =IF(B38,B38-$C$4," ") | E38: =IF(B38,INT(D38)," ") | F38: =IF(B38,((D38-E38)/60*100)," ") | G38: =IF(B38,C38*COS(PI()/180*(E38+F38))," ") | H38: =IF(B38,(C38*SIN(PI()/180*(E38+F38)))," ") | I38: =SUM(G38:G61)/E6 -> #DIV/0! | J38: =SUM(H38:H61)/E6 -> #DIV/0! | K38: =IF(B38,SUM(G38,-$I$12)," ") | L38: =IF(B38,SUM(H38,-$J$12)," ") | M38: =IF(B38,POWER(K38,2)," ") | N38: =IF(B38,POWER(L38,2)," ") | O38: =E6-1 -> -1 | P38: =SUM(M38:M61) -> 0 | Q38: =SUM(N38:N61) -> 0 | R38: =PRODUCT(P38,1/$O$38) -> 0 | S38: =PRODUCT(Q38,1/$O$38) -> 0 | T38: =SQRT(R38) -> 0 | U38: =SQRT(S38) -> 0 | V38: =PRODUCT(T38:U38) -> 0 | W38: =SQRT(V38) -> 0
A39: 2 | D39: =IF(B39,B39-$C$4," ") | E39: =IF(B39,INT(D39)," ") | F39: =IF(B39,((D39-E39)/60*100)," ") | G39: =IF(B39,C39*COS(PI()/180*(E39+F39))," ") | H39: =IF(B39,(C39*SIN(PI()/180*(E39+F39)))," ") | K39: =IF(B39,SUM(G39,-$I$12)," ") | L39: =IF(B39,SUM(H39,-$J$12)," ") | M39: =IF(B39,POWER(K39,2)," ") | N39: =IF(B39,POWER(L39,2)," ")
A40: 3 | D40: =IF(B40,B40-$C$4," ") | E40: =IF(B40,INT(D40)," ") | F40: =IF(B40,((D40-E40)/60*100)," ") | G40: =IF(B40,C40*COS(PI()/180*(E40+F40))," ") | H40: =IF(B40,(C40*SIN(PI()/180*(E40+F40)))," ") | K40: =IF(B40,SUM(G40,-$I$12)," ") | L40: =IF(B40,SUM(H40,-$J$12)," ") | M40: =IF(B40,POWER(K40,2)," ") | N40: =IF(B40,POWER(L40,2)," ")
A41: 4 | D41: =IF(B41,B41-$C$4," ") | E41: =IF(B41,INT(D41)," ") | F41: =IF(B41,((D41-E41)/60*100)," ") | G41: =IF(B41,C41*COS(PI()/180*(E41+F41))," ") | H41: =IF(B41,(C41*SIN(PI()/180*(E41+F41)))," ") | K41: =IF(B41,SUM(G41,-$I$12)," ") | L41: =IF(B41,SUM(H41,-$J$12)," ") | M41: =IF(B41,POWER(K41,2)," ") | N41: =IF(B41,POWER(L41,2)," ")
A42: 5 | D42: =IF(B42,B42-$C$4," ") | E42: =IF(B42,INT(D42)," ") | F42: =IF(B42,((D42-E42)/60*100)," ") | G42: =IF(B42,C42*COS(PI()/180*(E42+F42))," ") | H42: =IF(B42,(C42*SIN(PI()/180*(E42+F42)))," ") | K42: =IF(B42,SUM(G42,-$I$12)," ") | L42: =IF(B42,SUM(H42,-$J$12)," ") | M42: =IF(B42,POWER(K42,2)," ") | N42: =IF(B42,POWER(L42,2)," ")
A43: 6 | D43: =IF(B43,B43-$C$4," ") | E43: =IF(B43,INT(D43)," ") | F43: =IF(B43,((D43-E43)/60*100)," ") | G43: =IF(B43,C43*COS(PI()/180*(E43+F43))," ") | H43: =IF(B43,(C43*SIN(PI()/180*(E43+F43)))," ") | K43: =IF(B43,SUM(G43,-$I$12)," ") | L43: =IF(B43,SUM(H43,-$J$12)," ") | M43: =IF(B43,POWER(K43,2)," ") | N43: =IF(B43,POWER(L43,2)," ")
A44: 7 | D44: =IF(B44,B44-$C$4," ") | E44: =IF(B44,INT(D44)," ") | F44: =IF(B44,((D44-E44)/60*100)," ") | G44: =IF(B44,C44*COS(PI()/180*(E44+F44))," ") | H44: =IF(B44,(C44*SIN(PI()/180*(E44+F44)))," ") | K44: =IF(B44,SUM(G44,-$I$12)," ") | L44: =IF(B44,SUM(H44,-$J$12)," ") | M44: =IF(B44,POWER(K44,2)," ") | N44: =IF(B44,POWER(L44,2)," ")
A45: 8 | D45: =IF(B45,B45-$C$4," ") | E45: =IF(B45,INT(D45)," ") | F45: =IF(B45,((D45-E45)/60*100)," ") | G45: =IF(B45,C45*COS(PI()/180*(E45+F45))," ") | H45: =IF(B45,(C45*SIN(PI()/180*(E45+F45)))," ") | K45: =IF(B45,SUM(G45,-$I$12)," ") | L45: =IF(B45,SUM(H45,-$J$12)," ") | M45: =IF(B45,POWER(K45,2)," ") | N45: =IF(B45,POWER(L45,2)," ")
A46: 9 | D46: =IF(B46,B46-$C$4," ") | E46: =IF(B46,INT(D46)," ") | F46: =IF(B46,((D46-E46)/60*100)," ") | G46: =IF(B46,C46*COS(PI()/180*(E46+F46))," ") | H46: =IF(B46,(C46*SIN(PI()/180*(E46+F46)))," ") | K46: =IF(B46,SUM(G46,-$I$12)," ") | L46: =IF(B46,SUM(H46,-$J$12)," ") | M46: =IF(B46,POWER(K46,2)," ") | N46: =IF(B46,POWER(L46,2)," ")
A47: 10 | D47: =IF(B47,B47-$C$4," ") | E47: =IF(B47,INT(D47)," ") | F47: =IF(B47,((D47-E47)/60*100)," ") | G47: =IF(B47,C47*COS(PI()/180*(E47+F47))," ") | H47: =IF(B47,(C47*SIN(PI()/180*(E47+F47)))," ") | K47: =IF(B47,SUM(G47,-$I$12)," ") | L47: =IF(B47,SUM(H47,-$J$12)," ") | M47: =IF(B47,POWER(K47,2)," ") | N47: =IF(B47,POWER(L47,2)," ")
A48: 11 | D48: =IF(B48,B48-$C$4," ") | E48: =IF(B48,INT(D48)," ") | F48: =IF(B48,((D48-E48)/60*100)," ") | G48: =IF(B48,C48*COS(PI()/180*(E48+F48))," ") | H48: =IF(B48,(C48*SIN(PI()/180*(E48+F48)))," ") | K48: =IF(B48,SUM(G48,-$I$12)," ") | L48: =IF(B48,SUM(H48,-$J$12)," ") | M48: =IF(B48,POWER(K48,2)," ") | N48: =IF(B48,POWER(L48,2)," ")
A49: 12 | D49: =IF(B49,B49-$C$4," ") | E49: =IF(B49,INT(D49)," ") | F49: =IF(B49,((D49-E49)/60*100)," ") | G49: =IF(B49,C49*COS(PI()/180*(E49+F49))," ") | H49: =IF(B49,(C49*SIN(PI()/180*(E49+F49)))," ") | K49: =IF(B49,SUM(G49,-$I$12)," ") | L49: =IF(B49,SUM(H49,-$J$12)," ") | M49: =IF(B49,POWER(K49,2)," ") | N49: =IF(B49,POWER(L49,2)," ")
A50: 13 | D50: =IF(B50,B50-$C$4," ") | E50: =IF(B50,INT(D50)," ") | F50: =IF(B50,((D50-E50)/60*100)," ") | G50: =IF(B50,C50*COS(PI()/180*(E50+F50))," ") | H50: =IF(B50,(C50*SIN(PI()/180*(E50+F50)))," ") | K50: =IF(B50,SUM(G50,-$I$12)," ") | L50: =IF(B50,SUM(H50,-$J$12)," ") | M50: =IF(B50,POWER(K50,2)," ") | N50: =IF(B50,POWER(L50,2)," ")
... A61: 24 | D61: =IF(B61,B61-$C$4," ") | E61: =IF(B61,INT(D61)," ") | F61: =IF(B61,((D61-E61)/60*100)," ") | G61: =IF(B61,C61*COS(PI()/180*(E61+F61))," ") | H61: =IF(B61,(C61*SIN(PI()/180*(E61+F61)))," ") | K61: =IF(B61,SUM(G61,-$I$12)," ") | L61: =IF(B61,SUM(H61,-$J$12)," ") | M61: =IF(B61,POWER(K61,2)," ") | N61: =IF(B61,POWER(L61,2)," ")

Sheet 242-2
B1: НОМЕР МИШЕНИ
B2: Канал | C2: курс | D2: Vпр | E2: Нпус | F2: Дпус | I2: Центр рассеивания НАР
B3: ЦУ | D3: км/ч | E3: м | F3: м
B4: НВГЦ/ЛЦУ | C4: 270 | I4: =IF(E6,((I12+I38)/2),I12) -> 35.283843 | J4: =IF(E6,((J12+J38)/2),J12) -> -44.4854
B5: Число КОБЭ | C5: Всего | D5: НАР 1 | E5: НАР 2 | I5: x | J5: z
C6: 48 | D6: 23 | E6: 0
A10: КОБЭ от НАР 1
A11: номер п/п | B11: азимут | C11: дальность | D11: Азимут за вычетом боевого курса | E11: градусы | F11: минуты (в сотых градуса) | G11: х | H11: z | I11: Мх | J11: Мz | K11: Хт-Мх | L11: Zт-Мz | M11: (Хт-Мх)*2 | N11: (Zт-Мz)*2 | O11: N-1 | P11: Σ(Хт-Мх)*2 | Q11: Σ(Zт-Мz)*2 | R11: (Σ(Хт-Мх)*2)/(N-1) | S11: (Σ(Zт-Мz)*2)/(N-1) | T11: Сигма X | U11: Сигма Z | V11: σX*σZ | W11: СКО КОБЭ
A12: 1 | B12: 186.05 | C12: 44 | D12: =IF(B12,B12-$C$4," ") -> -83.95 | E12: =IF(B12,INT(D12)," ") -> -84 | F12: =IF(B12,((D12-E12)/60*100)," ") -> 0.083333333 | G12: =IF(B12,C12*COS(PI()/180*(E12+F12))," ") -> 4.6628923 | H12: =IF(B12,(C12*SIN(PI()/180*(E12+F12)))," ") -> -43.752228 | I12: =SUM(G12:G34)/D6 -> 35.283843 | J12: =SUM(H12:H34)/D6 -> -44.4854 | K12: =IF(B12,SUM(G12,-$I$12)," ") -> -30.620951 | L12: =IF(B12,SUM(H12,-$J$12)," ") -> 0.73317264 | M12: =IF(B12,POWER(K12,2)," ") -> 937.64261 | N12: =IF(B12,POWER(L12,2)," ") -> 0.53754212 | O12: =D6-1 -> 22 | P12: =SUM(M12:M34) -> 11878.239 | Q12: =SUM(N12:N34) -> 6440.051 | R12: =PRODUCT(P12,1/$O$12) -> 539.91997 | S12: =PRODUCT(Q12,1/$O$12) -> 292.72959 | T12: =SQRT(R12) -> 23.236178 | U12: =SQRT(S12) -> 17.109342 | V12: =PRODUCT(T12:U12) -> 397.55572 | W12: =SQRT(V12) -> 19.938799
A13: 2 | B13: 199.3 | C13: 56 | D13: =IF(B13,B13-$C$4," ") -> -70.7 | E13: =IF(B13,INT(D13)," ") -> -71 | F13: =IF(B13,((D13-E13)/60*100)," ") -> 0.5 | G13: =IF(B13,C13*COS(PI()/180*(E13+F13))," ") -> 18.693184 | H13: =IF(B13,(C13*SIN(PI()/180*(E13+F13)))," ") -> -52.787924 | K13: =IF(B13,SUM(G13,-$I$12)," ") -> -16.590659 | L13: =IF(B13,SUM(H13,-$J$12)," ") -> -8.3025231 | M13: =IF(B13,POWER(K13,2)," ") -> 275.24996 | N13: =IF(B13,POWER(L13,2)," ") -> 68.93189
A14: 3 | B14: 205.3 | C14: 62 | D14: =IF(B14,B14-$C$4," ") -> -64.7 | E14: =IF(B14,INT(D14)," ") -> -65 | F14: =IF(B14,((D14-E14)/60*100)," ") -> 0.5 | G14: =IF(B14,C14*COS(PI()/180*(E14+F14))," ") -> 26.691688 | H14: =IF(B14,(C14*SIN(PI()/180*(E14+F14)))," ") -> -55.960288 | K14: =IF(B14,SUM(G14,-$I$12)," ") -> -8.5921549 | L14: =IF(B14,SUM(H14,-$J$12)," ") -> -11.474887 | M14: =IF(B14,POWER(K14,2)," ") -> 73.825125 | N14: =IF(B14,POWER(L14,2)," ") -> 131.67304
A15: 4 | B15: 210.4 | C15: 54 | D15: =IF(B15,B15-$C$4," ") -> -59.6 | E15: =IF(B15,INT(D15)," ") -> -60 | F15: =IF(B15,((D15-E15)/60*100)," ") -> 0.66666667 | G15: =IF(B15,C15*COS(PI()/180*(E15+F15))," ") -> 27.5423 | H15: =IF(B15,(C15*SIN(PI()/180*(E15+F15)))," ") -> -46.448054 | K15: =IF(B15,SUM(G15,-$I$12)," ") -> -7.741543 | L15: =IF(B15,SUM(H15,-$J$12)," ") -> -1.9626536 | M15: =IF(B15,POWER(K15,2)," ") -> 59.931489 | N15: =IF(B15,POWER(L15,2)," ") -> 3.8520091
A16: 5 | B16: 216.45 | C16: 50 | D16: =IF(B16,B16-$C$4," ") -> -53.55 | E16: =IF(B16,INT(D16)," ") -> -54 | F16: =IF(B16,((D16-E16)/60*100)," ") -> 0.75 | G16: =IF(B16,C16*COS(PI()/180*(E16+F16))," ") -> 29.91623 | H16: =IF(B16,(C16*SIN(PI()/180*(E16+F16)))," ") -> -40.062691 | K16: =IF(B16,SUM(G16,-$I$12)," ") -> -5.3676128 | L16: =IF(B16,SUM(H16,-$J$12)," ") -> 4.4227098 | M16: =IF(B16,POWER(K16,2)," ") -> 28.811268 | N16: =IF(B16,POWER(L16,2)," ") -> 19.560362
A17: 6 | B17: 219.3 | C17: 54 | D17: =IF(B17,B17-$C$4," ") -> -50.7 | E17: =IF(B17,INT(D17)," ") -> -51 | F17: =IF(B17,((D17-E17)/60*100)," ") -> 0.5 | G17: =IF(B17,C17*COS(PI()/180*(E17+F17))," ") -> 34.348224 | H17: =IF(B17,(C17*SIN(PI()/180*(E17+F17)))," ") -> -41.667728 | K17: =IF(B17,SUM(G17,-$I$12)," ") -> -0.93561898 | L17: =IF(B17,SUM(H17,-$J$12)," ") -> 2.8176729 | M17: =IF(B17,POWER(K17,2)," ") -> 0.87538288 | N17: =IF(B17,POWER(L17,2)," ") -> 7.9392806
A18: 7 | B18: 221.2 | C18: 50 | D18: =IF(B18,B18-$C$4," ") -> -48.8 | E18: =IF(B18,INT(D18)," ") -> -49 | F18: =IF(B18,((D18-E18)/60*100)," ") -> 0.33333333 | G18: =IF(B18,C18*COS(PI()/180*(E18+F18))," ") -> 33.021931 | H18: =IF(B18,(C18*SIN(PI()/180*(E18+F18)))," ") -> -37.544002 | K18: =IF(B18,SUM(G18,-$I$12)," ") -> -2.2619117 | L18: =IF(B18,SUM(H18,-$J$12)," ") -> 6.9413988 | M18: =IF(B18,POWER(K18,2)," ") -> 5.1162444 | N18: =IF(B18,POWER(L18,2)," ") -> 48.183017
A19: 8 | B19: 212.55 | C19: 40 | D19: =IF(B19,B19-$C$4," ") -> -57.45 | E19: =IF(B19,INT(D19)," ") -> -58 | F19: =IF(B19,((D19-E19)/60*100)," ") -> 0.91666667 | G19: =IF(B19,C19*COS(PI()/180*(E19+F19))," ") -> 21.736746 | H19: =IF(B19,(C19*SIN(PI()/180*(E19+F19)))," ") -> -33.578473 | K19: =IF(B19,SUM(G19,-$I$12)," ") -> -13.547096 | L19: =IF(B19,SUM(H19,-$J$12)," ") -> 10.906927 | M19: =IF(B19,POWER(K19,2)," ") -> 183.52382 | N19: =IF(B19,POWER(L19,2)," ") -> 118.96106
A20: 9 | B20: 232.1 | C20: 32 | D20: =IF(B20,B20-$C$4," ") -> -37.9 | E20: =IF(B20,INT(D20)," ") -> -38 | F20: =IF(B20,((D20-E20)/60*100)," ") -> 0.16666667 | G20: =IF(B20,C20*COS(PI()/180*(E20+F20))," ") -> 25.273546 | H20: =IF(B20,(C20*SIN(PI()/180*(E20+F20)))," ") -> -19.627733 | K20: =IF(B20,SUM(G20,-$I$12)," ") -> -10.010297 | L20: =IF(B20,SUM(H20,-$J$12)," ") -> 24.857668 | M20: =IF(B20,POWER(K20,2)," ") -> 100.20605 | N20: =IF(B20,POWER(L20,2)," ") -> 617.90365
A21: 10 | B21: 238 | C21: 38 | D21: =IF(B21,B21-$C$4," ") -> -32 | E21: =IF(B21,INT(D21)," ") -> -32 | F21: =IF(B21,((D21-E21)/60*100)," ") -> 0 | G21: =IF(B21,C21*COS(PI()/180*(E21+F21))," ") -> 32.225828 | H21: =IF(B21,(C21*SIN(PI()/180*(E21+F21)))," ") -> -20.136932 | K21: =IF(B21,SUM(G21,-$I$12)," ") -> -3.0580152 | L21: =IF(B21,SUM(H21,-$J$12)," ") -> 24.348468 | M21: =IF(B21,POWER(K21,2)," ") -> 9.3514571 | N21: =IF(B21,POWER(L21,2)," ") -> 592.84791
A22: 11 | B22: 223.55 | C22: 64 | D22: =IF(B22,B22-$C$4," ") -> -46.45 | E22: =IF(B22,INT(D22)," ") -> -47 | F22: =IF(B22,((D22-E22)/60*100)," ") -> 0.91666667 | G22: =IF(B22,C22*COS(PI()/180*(E22+F22))," ") -> 44.39113 | H22: =IF(B22,(C22*SIN(PI()/180*(E22+F22)))," ") -> -46.10236 | K22: =IF(B22,SUM(G22,-$I$12)," ") -> 9.1072866 | L22: =IF(B22,SUM(H22,-$J$12)," ") -> -1.6169598 | M22: =IF(B22,POWER(K22,2)," ") -> 82.94267 | N22: =IF(B22,POWER(L22,2)," ") -> 2.6145591
A23: 12 | B23: 216.5 | C23: 68 | D23: =IF(B23,B23-$C$4," ") -> -53.5 | E23: =IF(B23,INT(D23)," ") -> -54 | F23: =IF(B23,((D23-E23)/60*100)," ") -> 0.83333333 | G23: =IF(B23,C23*COS(PI()/180*(E23+F23))," ") -> 40.765275 | H23: =IF(B23,(C23*SIN(PI()/180*(E23+F23)))," ") -> -54.426026 | K23: =IF(B23,SUM(G23,-$I$12)," ") -> 5.4814325 | L23: =IF(B23,SUM(H23,-$J$12)," ") -> -9.9406257 | M23: =IF(B23,POWER(K23,2)," ") -> 30.046102 | N23: =IF(B23,POWER(L23,2)," ") -> 98.81604
A24: 13 | B24: 213.05 | C24: 72 | D24: =IF(B24,B24-$C$4," ") -> -56.95 | E24: =IF(B24,INT(D24)," ") -> -57 | F24: =IF(B24,((D24-E24)/60*100)," ") -> 0.083333333 | G24: =IF(B24,C24*COS(PI()/180*(E24+F24))," ") -> 39.301794 | H24: =IF(B24,(C24*SIN(PI()/180*(E24+F24)))," ") -> -60.327183 | K24: =IF(B24,SUM(G24,-$I$12)," ") -> 4.0179515 | L24: =IF(B24,SUM(H24,-$J$12)," ") -> -15.841782 | M24: =IF(B24,POWER(K24,2)," ") -> 16.143934 | N24: =IF(B24,POWER(L24,2)," ") -> 250.96206
... A34: 23 | B34: 203.4 | C34: 28 | D34: =IF(B34,B34-$C$4," ") -> -66.6 | E34: =IF(B34,INT(D34)," ") -> -67 | F34: =IF(B34,((D34-E34)/60*100)," ") -> 0.66666667 | G34: =IF(B34,C34*COS(PI()/180*(E34+F34))," ") -> 11.23962 | H34: =IF(B34,(C34*SIN(PI()/180*(E34+F34)))," ") -> -25.645096 | K34: =IF(B34,SUM(G34,-$I$12)," ") -> -24.044223 | L34: =IF(B34,SUM(H34,-$J$12)," ") -> 18.840305 | M34: =IF(B34,POWER(K34,2)," ") -> 578.12466 | N34: =IF(B34,POWER(L34,2)," ") -> 354.95707
A35: 24 | D35: =IF(B35,B35-$C$4," ") | E35: =IF(B35,INT(D35)," ") | F35: =IF(B35,((D35-E35)/60*100)," ") | G35: =IF(B35,C35*COS(PI()/180*(E35+F35))," ") | H35: =IF(B35,(C35*SIN(PI()/180*(E35+F35)))," ") | K35: =IF(B35,SUM(G35,-$I$12)," ") | L35: =IF(B35,SUM(H35,-$J$12)," ") | M35: =IF(B35,POWER(K35,2)," ") | N35: =IF(B35,POWER(L35,2)," ")
A36: КОБЭ от НАР 2
A37: номер п/п | B37: азимут | C37: дальность | D37: Азимут за вычетом боевого курса | E37: градусы | F37: минуты (в сотых градуса) | G37: х | H37: z | I37: Мх | J37: Мz | K37: Хт-Мх | L37: Zт-Мz | M37: (Хт-Мх)*2 | N37: (Zт-Мz)*2 | O37: N-1 | P37: Σ(Хт-Мх)*2 | Q37: Σ(Zт-Мz)*2 | R37: (Σ(Хт-Мх)*2)/(N-1) | S37: (Σ(Zт-Мz)*2)/(N-1) | T37: Сигма X | U37: Сигма Z | V37: σX*σZ | W37: СКО КОБЭ
A38: 1 | D38: =IF(B38,B38-$C$4," ") | E38: =IF(B38,INT(D38)," ") | F38: =IF(B38,((D38-E38)/60*100)," ") | G38: =IF(B38,C38*COS(PI()/180*(E38+F38))," ") | H38: =IF(B38,(C38*SIN(PI()/180*(E38+F38)))," ") | I38: =SUM(G38:G61)/E6 -> #DIV/0! | J38: =SUM(H38:H61)/E6 -> #DIV/0! | K38: =IF(B38,SUM(G38,-$I$12)," ") | L38: =IF(B38,SUM(H38,-$J$12)," ") | M38: =IF(B38,POWER(K38,2)," ") | N38: =IF(B38,POWER(L38,2)," ") | O38: =E6-1 -> -1 | P38: =SUM(M38:M61) -> 0 | Q38: =SUM(N38:N61) -> 0 | R38: =PRODUCT(P38,1/$O$38) -> 0 | S38: =PRODUCT(Q38,1/$O$38) -> 0 | T38: =SQRT(R38) -> 0 | U38: =SQRT(S38) -> 0 | V38: =PRODUCT(T38:U38) -> 0 | W38: =SQRT(V38) -> 0
A39: 2 | D39: =IF(B39,B39-$C$4," ") | E39: =IF(B39,INT(D39)," ") | F39: =IF(B39,((D39-E39)/60*100)," ") | G39: =IF(B39,C39*COS(PI()/180*(E39+F39))," ") | H39: =IF(B39,(C39*SIN(PI()/180*(E39+F39)))," ") | K39: =IF(B39,SUM(G39,-$I$12)," ") | L39: =IF(B39,SUM(H39,-$J$12)," ") | M39: =IF(B39,POWER(K39,2)," ") | N39: =IF(B39,POWER(L39,2)," ")
A40: 3 | D40: =IF(B40,B40-$C$4," ") | E40: =IF(B40,INT(D40)," ") | F40: =IF(B40,((D40-E40)/60*100)," ") | G40: =IF(B40,C40*COS(PI()/180*(E40+F40))," ") | H40: =IF(B40,(C40*SIN(PI()/180*(E40+F40)))," ") | K40: =IF(B40,SUM(G40,-$I$12)," ") | L40: =IF(B40,SUM(H40,-$J$12)," ") | M40: =IF(B40,POWER(K40,2)," ") | N40: =IF(B40,POWER(L40,2)," ")
A41: 4 | D41: =IF(B41,B41-$C$4," ") | E41: =IF(B41,INT(D41)," ") | F41: =IF(B41,((D41-E41)/60*100)," ") | G41: =IF(B41,C41*COS(PI()/180*(E41+F41))," ") | H41: =IF(B41,(C41*SIN(PI()/180*(E41+F41)))," ") | K41: =IF(B41,SUM(G41,-$I$12)," ") | L41: =IF(B41,SUM(H41,-$J$12)," ") | M41: =IF(B41,POWER(K41,2)," ") | N41: =IF(B41,POWER(L41,2)," ")
A42: 5 | D42: =IF(B42,B42-$C$4," ") | E42: =IF(B42,INT(D42)," ") | F42: =IF(B42,((D42-E42)/60*100)," ") | G42: =IF(B42,C42*COS(PI()/180*(E42+F42))," ") | H42: =IF(B42,(C42*SIN(PI()/180*(E42+F42)))," ") | K42: =IF(B42,SUM(G42,-$I$12)," ") | L42: =IF(B42,SUM(H42,-$J$12)," ") | M42: =IF(B42,POWER(K42,2)," ") | N42: =IF(B42,POWER(L42,2)," ")
A43: 6 | D43: =IF(B43,B43-$C$4," ") | E43: =IF(B43,INT(D43)," ") | F43: =IF(B43,((D43-E43)/60*100)," ") | G43: =IF(B43,C43*COS(PI()/180*(E43+F43))," ") | H43: =IF(B43,(C43*SIN(PI()/180*(E43+F43)))," ") | K43: =IF(B43,SUM(G43,-$I$12)," ") | L43: =IF(B43,SUM(H43,-$J$12)," ") | M43: =IF(B43,POWER(K43,2)," ") | N43: =IF(B43,POWER(L43,2)," ")
A44: 7 | D44: =IF(B44,B44-$C$4," ") | E44: =IF(B44,INT(D44)," ") | F44: =IF(B44,((D44-E44)/60*100)," ") | G44: =IF(B44,C44*COS(PI()/180*(E44+F44))," ") | H44: =IF(B44,(C44*SIN(PI()/180*(E44+F44)))," ") | K44: =IF(B44,SUM(G44,-$I$12)," ") | L44: =IF(B44,SUM(H44,-$J$12)," ") | M44: =IF(B44,POWER(K44,2)," ") | N44: =IF(B44,POWER(L44,2)," ")
A45: 8 | D45: =IF(B45,B45-$C$4," ") | E45: =IF(B45,INT(D45)," ") | F45: =IF(B45,((D45-E45)/60*100)," ") | G45: =IF(B45,C45*COS(PI()/180*(E45+F45))," ") | H45: =IF(B45,(C45*SIN(PI()/180*(E45+F45)))," ") | K45: =IF(B45,SUM(G45,-$I$12)," ") | L45: =IF(B45,SUM(H45,-$J$12)," ") | M45: =IF(B45,POWER(K45,2)," ") | N45: =IF(B45,POWER(L45,2)," ")
A46: 9 | D46: =IF(B46,B46-$C$4," ") | E46: =IF(B46,INT(D46)," ") | F46: =IF(B46,((D46-E46)/60*100)," ") | G46: =IF(B46,C46*COS(PI()/180*(E46+F46))," ") | H46: =IF(B46,(C46*SIN(PI()/180*(E46+F46)))," ") | K46: =IF(B46,SUM(G46,-$I$12)," ") | L46: =IF(B46,SUM(H46,-$J$12)," ") | M46: =IF(B46,POWER(K46,2)," ") | N46: =IF(B46,POWER(L46,2)," ")
A47: 10 | D47: =IF(B47,B47-$C$4," ") | E47: =IF(B47,INT(D47)," ") | F47: =IF(B47,((D47-E47)/60*100)," ") | G47: =IF(B47,C47*COS(PI()/180*(E47+F47))," ") | H47: =IF(B47,(C47*SIN(PI()/180*(E47+F47)))," ") | K47: =IF(B47,SUM(G47,-$I$12)," ") | L47: =IF(B47,SUM(H47,-$J$12)," ") | M47: =IF(B47,POWER(K47,2)," ") | N47: =IF(B47,POWER(L47,2)," ")
A48: 11 | D48: =IF(B48,B48-$C$4," ") | E48: =IF(B48,INT(D48)," ") | F48: =IF(B48,((D48-E48)/60*100)," ") | G48: =IF(B48,C48*COS(PI()/180*(E48+F48))," ") | H48: =IF(B48,(C48*SIN(PI()/180*(E48+F48)))," ") | K48: =IF(B48,SUM(G48,-$I$12)," ") | L48: =IF(B48,SUM(H48,-$J$12)," ") | M48: =IF(B48,POWER(K48,2)," ") | N48: =IF(B48,POWER(L48,2)," ")
A49: 12 | D49: =IF(B49,B49-$C$4," ") | E49: =IF(B49,INT(D49)," ") | F49: =IF(B49,((D49-E49)/60*100)," ") | G49: =IF(B49,C49*COS(PI()/180*(E49+F49))," ") | H49: =IF(B49,(C49*SIN(PI()/180*(E49+F49)))," ") | K49: =IF(B49,SUM(G49,-$I$12)," ") | L49: =IF(B49,SUM(H49,-$J$12)," ") | M49: =IF(B49,POWER(K49,2)," ") | N49: =IF(B49,POWER(L49,2)," ")
A50: 13 | D50: =IF(B50,B50-$C$4," ") | E50: =IF(B50,INT(D50)," ") | F50: =IF(B50,((D50-E50)/60*100)," ") | G50: =IF(B50,C50*COS(PI()/180*(E50+F50))," ") | H50: =IF(B50,(C50*SIN(PI()/180*(E50+F50)))," ") | K50: =IF(B50,SUM(G50,-$I$12)," ") | L50: =IF(B50,SUM(H50,-$J$12)," ") | M50: =IF(B50,POWER(K50,2)," ") | N50: =IF(B50,POWER(L50,2)," ")
... A61: 24 | D61: =IF(B61,B61-$C$4," ") | E61: =IF(B61,INT(D61)," ") | F61: =IF(B61,((D61-E61)/60*100)," ") | G61: =IF(B61,C61*COS(PI()/180*(E61+F61))," ") | H61: =IF(B61,(C61*SIN(PI()/180*(E61+F61)))," ") | K61: =IF(B61,SUM(G61,-$I$12)," ") | L61: =IF(B61,SUM(H61,-$J$12)," ") | M61: =IF(B61,POWER(K61,2)," ") | N61: =IF(B61,POWER(L61,2)," ")

Sheet 242-3
B1: 242-3
B2: Канал | C2: курс | D2: Vпр | E2: Нпус | F2: Дпус | I2: Центр рассеивания НАР
B3: ЦУ | D3: км/ч | E3: м | F3: м
B4: НВГЦ/ЛЦУ | C4: 270 | I4: =(I12+I38)/2 -> 43.441732 | J4: =(J12+J38)/2 -> -29.816762
B5: Число КОБЭ | C5: Всего | D5: НАР 1 | E5: НАР 2 | I5: x | J5: z
C6: 45 | D6: 23 | E6: 22
A10: КОБЭ от НАР 1
A11: номер п/п | B11: азимут | C11: дальность | D11: Азимут за вычетом боевого курса | E11: градусы | F11: минуты (в сотых градуса) | G11: х | H11: z | I11: Мх | J11: Мz | K11: Хт-Мх | L11: Zт-Мz | M11: (Хт-Мх)*2 | N11: (Zт-Мz)*2 | O11: N-1 | P11: Σ(Хт-Мх)*2 | Q11: Σ(Zт-Мz)*2 | R11: (Σ(Хт-Мх)*2)/(N-1) | S11: (Σ(Zт-Мz)*2)/(N-1) | T11: Сигма X | U11: Сигма Z | V11: σX*σZ | W11: СКО КОБЭ
A12: 1 | B12: 200.2 | C12: 22 | D12: =IF(B12,B12-$C$4," ") -> -69.8 | E12: =IF(B12,INT(D12)," ") -> -70 | F12: =IF(B12,((D12-E12)/60*100)," ") -> 0.33333333 | G12: =IF(B12,C12*COS(PI()/180*(E12+F12))," ") -> 7.6445872 | H12: =IF(B12,(C12*SIN(PI()/180*(E12+F12)))," ") -> -20.629113 | I12: =SUM(G12:G34)/D6 -> 31.623979 | J12: =SUM(H12:H35)/D6 -> -17.198034 | K12: =IF(B12,SUM(G12,-$I$12)," ") -> -23.979391 | L12: =IF(B12,SUM(H12,-$J$12)," ") -> -3.4310783 | M12: =IF(B12,POWER(K12,2)," ") -> 575.01121 | N12: =IF(B12,POWER(L12,2)," ") -> 11.772298 | O12: =D6-1 -> 22 | P12: =SUM(M12:M35) -> 21661.376 | Q12: =SUM(N12:N35) -> 1910.1105 | R12: =PRODUCT(P12,1/$O$12) -> 984.60801 | S12: =PRODUCT(Q12,1/$O$12) -> 86.823206 | T12: =SQRT(R12) -> 31.378464 | U12: =SQRT(S12) -> 9.3178971 | V12: =PRODUCT(T12:U12) -> 292.3813 | W12: =SQRT(V12) -> 17.099161
A13: 2 | B13: 259.4 | C13: 34 | D13: =IF(B13,B13-$C$4," ") -> -10.6 | E13: =IF(B13,INT(D13)," ") -> -11 | F13: =IF(B13,((D13-E13)/60*100)," ") -> 0.66666667 | G13: =IF(B13,C13*COS(PI()/180*(E13+F13))," ") -> 33.448549 | H13: =IF(B13,(C13*SIN(PI()/180*(E13+F13)))," ") -> -6.0987359 | K13: =IF(B13,SUM(G13,-$I$12)," ") -> 1.8245703 | L13: =IF(B13,SUM(H13,-$J$12)," ") -> 11.099298 | M13: =IF(B13,POWER(K13,2)," ") -> 3.3290567 | N13: =IF(B13,POWER(L13,2)," ") -> 123.19442
A14: 3 | B14: 224.45 | C14: 4 | D14: =IF(B14,B14-$C$4," ") -> -45.55 | E14: =IF(B14,INT(D14)," ") -> -46 | F14: =IF(B14,((D14-E14)/60*100)," ") -> 0.75 | G14: =IF(B14,C14*COS(PI()/180*(E14+F14))," ") -> 2.8160589 | H14: =IF(B14,(C14*SIN(PI()/180*(E14+F14)))," ") -> -2.8407415 | K14: =IF(B14,SUM(G14,-$I$12)," ") -> -28.80792 | L14: =IF(B14,SUM(H14,-$J$12)," ") -> 14.357293 | M14: =IF(B14,POWER(K14,2)," ") -> 829.89624 | N14: =IF(B14,POWER(L14,2)," ") -> 206.13186
A15: 4 | B15: 88.25 | C15: 16 | D15: =IF(B15,B15-$C$4," ") -> -181.75 | E15: =IF(B15,INT(D15)," ") -> -182 | F15: =IF(B15,((D15-E15)/60*100)," ") -> 0.41666667 | G15: =IF(B15,C15*COS(PI()/180*(E15+F15))," ") -> -15.993891 | H15: =IF(B15,(C15*SIN(PI()/180*(E15+F15)))," ") -> 0.4420938 | K15: =IF(B15,SUM(G15,-$I$12)," ") -> -47.61787 | L15: =IF(B15,SUM(H15,-$J$12)," ") -> 17.640128 | M15: =IF(B15,POWER(K15,2)," ") -> 2267.4615 | N15: =IF(B15,POWER(L15,2)," ") -> 311.17412
A16: 5 | B16: 281.15 | C16: 22 | D16: =IF(B16,B16-$C$4," ") -> 11.15 | E16: =IF(B16,INT(D16)," ") -> 11 | F16: =IF(B16,((D16-E16)/60*100)," ") -> 0.25 | G16: =IF(B16,C16*COS(PI()/180*(E16+F16))," ") -> 21.577276 | H16: =IF(B16,(C16*SIN(PI()/180*(E16+F16)))," ") -> 4.2919871 | K16: =IF(B16,SUM(G16,-$I$12)," ") -> -10.046702 | L16: =IF(B16,SUM(H16,-$J$12)," ") -> 21.490021 | M16: =IF(B16,POWER(K16,2)," ") -> 100.93623 | N16: =IF(B16,POWER(L16,2)," ") -> 461.82102
A17: 6 | B17: 156.35 | C17: 32 | D17: =IF(B17,B17-$C$4," ") -> -113.65 | E17: =IF(B17,INT(D17)," ") -> -114 | F17: =IF(B17,((D17-E17)/60*100)," ") -> 0.58333333 | G17: =IF(B17,C17*COS(PI()/180*(E17+F17))," ") -> -12.717275 | H17: =IF(B17,(C17*SIN(PI()/180*(E17+F17)))," ") -> -29.36445 | K17: =IF(B17,SUM(G17,-$I$12)," ") -> -44.341253 | L17: =IF(B17,SUM(H17,-$J$12)," ") -> -12.166416 | M17: =IF(B17,POWER(K17,2)," ") -> 1966.1468 | N17: =IF(B17,POWER(L17,2)," ") -> 148.02167
A18: 7 | B18: 247.25 | C18: 72 | D18: =IF(B18,B18-$C$4," ") -> -22.75 | E18: =IF(B18,INT(D18)," ") -> -23 | F18: =IF(B18,((D18-E18)/60*100)," ") -> 0.41666667 | G18: =IF(B18,C18*COS(PI()/180*(E18+F18))," ") -> 66.479181 | H18: =IF(B18,(C18*SIN(PI()/180*(E18+F18)))," ") -> -27.649926 | K18: =IF(B18,SUM(G18,-$I$12)," ") -> 34.855203 | L18: =IF(B18,SUM(H18,-$J$12)," ") -> -10.451892 | M18: =IF(B18,POWER(K18,2)," ") -> 1214.8852 | N18: =IF(B18,POWER(L18,2)," ") -> 109.24205
A19: 8 | B19: 248.55 | C19: 76 | D19: =IF(B19,B19-$C$4," ") -> -21.45 | E19: =IF(B19,INT(D19)," ") -> -22 | F19: =IF(B19,((D19-E19)/60*100)," ") -> 0.91666667 | G19: =IF(B19,C19*COS(PI()/180*(E19+F19))," ") -> 70.912424 | H19: =IF(B19,(C19*SIN(PI()/180*(E19+F19)))," ") -> -27.339131 | K19: =IF(B19,SUM(G19,-$I$12)," ") -> 39.288446 | L19: =IF(B19,SUM(H19,-$J$12)," ") -> -10.141097 | M19: =IF(B19,POWER(K19,2)," ") -> 1543.582 | N19: =IF(B19,POWER(L19,2)," ") -> 102.84184
A20: 9 | B20: 151.4 | C20: 30 | D20: =IF(B20,B20-$C$4," ") -> -118.6 | E20: =IF(B20,INT(D20)," ") -> -119 | F20: =IF(B20,((D20-E20)/60*100)," ") -> 0.66666667 | G20: =IF(B20,C20*COS(PI()/180*(E20+F20))," ") -> -14.238011 | H20: =IF(B20,(C20*SIN(PI()/180*(E20+F20)))," ") -> -26.406042 | K20: =IF(B20,SUM(G20,-$I$12)," ") -> -45.86199 | L20: =IF(B20,SUM(H20,-$J$12)," ") -> -9.2080074 | M20: =IF(B20,POWER(K20,2)," ") -> 2103.3221 | N20: =IF(B20,POWER(L20,2)," ") -> 84.787401
A21: 10 | B21: 245.1 | C21: 62 | D21: =IF(B21,B21-$C$4," ") -> -24.9 | E21: =IF(B21,INT(D21)," ") -> -25 | F21: =IF(B21,((D21-E21)/60*100)," ") -> 0.16666667 | G21: =IF(B21,C21*COS(PI()/180*(E21+F21))," ") -> 56.267064 | H21: =IF(B21,(C21*SIN(PI()/180*(E21+F21)))," ") -> -26.038768 | K21: =IF(B21,SUM(G21,-$I$12)," ") -> 24.643086 | L21: =IF(B21,SUM(H21,-$J$12)," ") -> -8.8407341 | M21: =IF(B21,POWER(K21,2)," ") -> 607.28168 | N21: =IF(B21,POWER(L21,2)," ") -> 78.158579
